# Ammonia superheated vapour from CoolProp (IIR reference state): 40 isobars, each from saturation to +120 K.
# Columns: p (Pa), T (K), v (m3/kg), h (J/kg), s (J/(kg K)).
p_Pa,T_K,v,h,s
40776,223.1600,2.63058,1392004,6443.36
40776,227.1597,2.68127,1400607,6481.57
40776,231.1593,2.73169,1409161,6518.901
40776,235.1590,2.78187,1417675,6555.419
40776,239.1587,2.83184,1426157,6591.184
40776,243.1583,2.88162,1434612,6626.244
40776,247.1580,2.93123,1443046,6660.647
40776,251.1577,2.98069,1451463,6694.432
40776,255.1573,3.03002,1459869,6727.637
40776,259.1570,3.07923,1468267,6760.295
40776,263.1567,3.12833,1476661,6792.434
40776,267.1563,3.17734,1485052,6824.084
40776,271.1560,3.22626,1493446,6855.268
40776,275.1557,3.2751,1501843,6886.01
40776,279.1553,3.32387,1510246,6916.331
40776,283.1550,3.37257,1518658,6946.25
40776,287.1547,3.42122,1527081,6975.787
40776,291.1543,3.46982,1535515,7004.956
40776,295.1540,3.51837,1543963,7033.774
40776,299.1537,3.56687,1552426,7062.256
40776,303.1533,3.61534,1560906,7090.414
40776,307.1530,3.66377,1569404,7118.261
40776,311.1527,3.71217,1577920,7145.81
40776,315.1523,3.76053,1586457,7173.07
40776,319.1520,3.80887,1595014,7200.053
40776,323.1517,3.85719,1603594,7226.768
40776,327.1513,3.90548,1612196,7253.223
40776,331.1510,3.95375,1620821,7279.428
40776,335.1507,4.002,1629470,7305.39
40776,339.1503,4.05023,1638144,7331.118
40776,343.1500,4.09845,1646843,7356.617
46842.2,225.5294,2.31084,1395913,6394.171
46842.2,229.5291,2.35518,1404579,6432.261
46842.2,233.5287,2.39927,1413192,6469.464
46842.2,237.5284,2.44313,1421762,6505.849
46842.2,241.5281,2.48679,1430295,6541.475
46842.2,245.5277,2.53028,1438798,6576.393
46842.2,249.5274,2.57361,1447278,6610.651
46842.2,253.5271,2.61679,1455739,6644.29
46842.2,257.5267,2.65985,1464186,6677.347
46842.2,261.5264,2.7028,1472622,6709.856
46842.2,265.5261,2.74565,1481053,6741.847
46842.2,269.5257,2.7884,1489480,6773.349
46842.2,273.5254,2.83107,1497907,6804.386
46842.2,277.5251,2.87367,1506337,6834.983
46842.2,281.5247,2.9162,1514772,6865.16
46842.2,285.5244,2.95867,1523215,6894.937
46842.2,289.5241,3.00109,1531667,6924.332
46842.2,293.5237,3.04346,1540130,6953.363
46842.2,297.5234,3.08578,1548606,6982.045
46842.2,301.5231,3.12806,1557096,7010.393
46842.2,305.5227,3.1703,1565603,7038.42
46842.2,309.5224,3.21251,1574127,7066.138
46842.2,313.5221,3.25469,1582669,7093.559
46842.2,317.5217,3.29684,1591231,7120.696
46842.2,321.5214,3.33897,1599814,7147.556
46842.2,325.5211,3.38107,1608418,7174.151
46842.2,329.5207,3.42315,1617044,7200.489
46842.2,333.5204,3.4652,1625693,7226.579
46842.2,337.5201,3.50724,1634366,7252.429
46842.2,341.5197,3.54926,1643063,7278.046
46842.2,345.5194,3.59127,1651786,7303.437
53810.8,227.9573,2.02998,1399867,6345.099
53810.8,231.9569,2.06879,1408602,6383.083
53810.8,235.9566,2.10735,1417278,6420.171
53810.8,239.9563,2.14571,1425907,6456.434
53810.8,243.9559,2.18387,1434496,6491.931
53810.8,247.9556,2.22187,1443051,6526.717
53810.8,251.9553,2.25972,1451580,6560.838
53810.8,255.9549,2.29743,1460087,6594.338
53810.8,259.9546,2.33503,1468578,6627.253
53810.8,263.9543,2.37252,1477056,6659.62
53810.8,267.9539,2.40992,1485526,6691.469
53810.8,271.9536,2.44723,1493991,6722.827
53810.8,275.9533,2.48446,1502455,6753.722
53810.8,279.9529,2.52162,1510920,6784.177
53810.8,283.9526,2.55872,1519388,6814.213
53810.8,287.9523,2.59576,1527863,6843.851
53810.8,291.9519,2.63275,1536347,6873.109
53810.8,295.9516,2.66969,1544840,6902.004
53810.8,299.9513,2.70659,1553346,6930.552
53810.8,303.9509,2.74345,1561866,6958.768
53810.8,307.9506,2.78027,1570401,6986.665
53810.8,311.9503,2.81707,1578952,7014.255
53810.8,315.9499,2.85383,1587522,7041.552
53810.8,319.9496,2.89057,1596111,7068.565
53810.8,323.9493,2.92728,1604719,7095.304
53810.8,327.9489,2.96397,1613349,7121.781
53810.8,331.9486,3.00063,1622001,7148.002
53810.8,335.9483,3.03728,1630675,7173.978
53810.8,339.9479,3.07391,1639373,7199.716
53810.8,343.9476,3.11052,1648095,7225.223
53810.8,347.9473,3.14712,1656842,7250.506
61816.1,230.4459,1.78327,1403865,6296.14
61816.1,234.4456,1.81724,1412673,6334.033
61816.1,238.4452,1.85099,1421418,6371.02
61816.1,242.4449,1.88453,1430110,6407.172
61816.1,246.4446,1.91791,1438759,6442.552
61816.1,250.4442,1.95112,1447370,6477.214
61816.1,254.4439,1.98419,1455951,6511.208
61816.1,258.4436,2.01714,1464508,6544.576
61816.1,262.4432,2.04998,1473046,6577.358
61816.1,266.4429,2.08271,1481569,6609.588
61816.1,270.4426,2.11536,1490081,6641.3
61816.1,274.4422,2.14792,1498587,6672.521
61816.1,278.4419,2.18041,1507089,6703.277
61816.1,282.4416,2.21284,1515591,6733.595
61816.1,286.4412,2.2452,1524096,6763.494
61816.1,290.4409,2.27751,1532605,6792.996
61816.1,294.4406,2.30977,1541122,6822.119
61816.1,298.4402,2.34199,1549648,6850.882
61816.1,302.4399,2.37417,1558185,6879.298
61816.1,306.4396,2.40631,1566736,6907.384
61816.1,310.4392,2.43842,1575301,6935.153
61816.1,314.4389,2.47049,1583882,6962.618
61816.1,318.4386,2.50254,1592480,6989.791
61816.1,322.4382,2.53456,1601097,7016.682
61816.1,326.4379,2.56656,1609734,7043.302
61816.1,330.4376,2.59853,1618391,7069.661
61816.1,334.4372,2.63049,1627069,7095.767
61816.1,338.4369,2.66243,1635770,7121.63
61816.1,342.4366,2.69435,1644494,7147.256
61816.1,346.4362,2.72625,1653242,7172.654
61816.1,350.4359,2.75814,1662014,7197.83
71012.3,232.9976,1.56653,1407904,6247.288
71012.3,236.9973,1.59628,1416791,6285.107
71012.3,240.9970,1.62583,1425609,6322.007
71012.3,244.9966,1.65518,1434370,6358.062
71012.3,248.9963,1.68437,1443083,6393.336
71012.3,252.9960,1.71341,1451754,6427.885
71012.3,256.9956,1.74232,1460392,6461.76
71012.3,260.9953,1.77111,1469002,6495.005
71012.3,264.9950,1.7998,1477590,6527.66
71012.3,268.9946,1.82839,1486160,6559.761
71012.3,272.9943,1.8569,1494718,6591.341
71012.3,276.9940,1.88533,1503267,6622.43
71012.3,280.9936,1.91369,1511811,6653.054
71012.3,284.9933,1.94198,1520353,6683.237
71012.3,288.9930,1.97023,1528895,6713.004
71012.3,292.9926,1.99842,1537442,6742.374
71012.3,296.9923,2.02656,1545994,6771.366
71012.3,300.9920,2.05466,1554555,6799.998
71012.3,304.9916,2.08273,1563126,6828.286
71012.3,308.9913,2.11076,1571709,6856.245
71012.3,312.9910,2.13875,1580305,6883.888
71012.3,316.9906,2.16672,1588917,6911.229
71012.3,320.9903,2.19466,1597546,6938.28
71012.3,324.9900,2.22258,1606193,6965.051
71012.3,328.9896,2.25047,1614859,6991.553
71012.3,332.9893,2.27834,1623545,7017.796
71012.3,336.9890,2.3062,1632252,7043.788
71012.3,340.9886,2.33403,1640981,7069.538
71012.3,344.9883,2.36185,1649732,7095.054
71012.3,348.9880,2.38966,1658507,7120.343
71012.3,352.9876,2.41745,1667306,7145.413
81576.6,235.6151,1.37611,1411980,6198.54
81576.6,239.6147,1.40218,1420953,6236.301
81576.6,243.6144,1.42806,1429851,6273.129
81576.6,247.6141,1.45375,1438685,6309.1
81576.6,251.6137,1.4793,1447466,6344.28
81576.6,255.6134,1.5047,1456202,6378.727
81576.6,259.6131,1.52998,1464901,6412.493
81576.6,263.6127,1.55515,1473568,6445.623
81576.6,267.6124,1.58021,1482210,6478.159
81576.6,271.6121,1.60519,1490831,6510.138
81576.6,275.6117,1.63009,1499438,6541.593
81576.6,279.6114,1.65492,1508033,6572.555
81576.6,283.6111,1.67968,1516621,6603.051
81576.6,287.6107,1.70438,1525205,6633.107
81576.6,291.6104,1.72903,1533788,6662.745
81576.6,295.6101,1.75363,1542374,6691.986
81576.6,299.6097,1.77819,1550964,6720.851
81576.6,303.6094,1.80271,1559561,6749.356
81576.6,307.6091,1.82719,1568168,6777.518
81576.6,311.6087,1.85164,1576785,6805.352
81576.6,315.6084,1.87605,1585416,6832.873
81576.6,319.6081,1.90044,1594061,6860.092
81576.6,323.6077,1.92481,1602722,6887.023
81576.6,327.6074,1.94915,1611400,6913.676
81576.6,331.6071,1.97347,1620097,6940.061
81576.6,335.6067,1.99777,1628813,6966.189
81576.6,339.6064,2.02205,1637550,6992.069
81576.6,343.6061,2.04632,1646309,7017.708
81576.6,347.6057,2.07056,1655090,7043.115
81576.6,351.6054,2.0948,1663893,7068.297
81576.6,355.6051,2.11902,1672721,7093.261
93712.6,238.3008,1.2088,1416092,6149.889
93712.6,242.3005,1.23166,1425156,6187.609
93712.6,246.3001,1.25433,1434139,6224.381
93712.6,250.2998,1.27684,1443053,6260.283
93712.6,254.2995,1.2992,1451909,6295.381
93712.6,258.2991,1.32143,1460714,6329.738
93712.6,262.2988,1.34354,1469477,6363.405
93712.6,266.2985,1.36555,1478205,6396.429
93712.6,270.2981,1.38746,1486905,6428.855
93712.6,274.2978,1.40929,1495581,6460.719
93712.6,278.2975,1.43105,1504239,6492.056
93712.6,282.2971,1.45273,1512884,6522.897
93712.6,286.2968,1.47436,1521519,6553.271
93712.6,290.2965,1.49593,1530148,6583.204
93712.6,294.2961,1.51745,1538775,6612.718
93712.6,298.2958,1.53892,1547402,6641.835
93712.6,302.2955,1.56035,1556033,6670.576
93712.6,306.2951,1.58175,1564669,6698.957
93712.6,310.2948,1.60311,1573313,6726.997
93712.6,314.2945,1.62444,1581968,6754.709
93712.6,318.2941,1.64574,1590634,6782.109
93712.6,322.2938,1.66701,1599314,6809.21
93712.6,326.2935,1.68826,1608009,6836.023
93712.6,330.2931,1.70949,1616721,6862.56
93712.6,334.2928,1.7307,1625451,6888.831
93712.6,338.2925,1.75188,1634199,6914.846
93712.6,342.2921,1.77305,1642968,6940.614
93712.6,346.2918,1.79421,1651757,6966.143
93712.6,350.2915,1.81535,1660569,6991.442
93712.6,354.2911,1.83647,1669403,7016.518
93712.6,358.2908,1.85759,1678260,7041.378
107654,241.0576,1.06179,1420236,6101.328
107654,245.0573,1.08184,1429398,6139.027
107654,249.0570,1.10172,1438473,6175.76
107654,253.0566,1.12144,1447472,6211.606
107654,257.0563,1.14102,1456407,6246.637
107654,261.0560,1.16048,1465286,6280.914
107654,265.0556,1.17983,1474119,6314.493
107654,269.0553,1.19908,1482913,6347.422
107654,273.0550,1.21825,1491674,6379.745
107654,277.0546,1.23733,1500409,6411.503
107654,281.0543,1.25635,1509122,6442.729
107654,285.0540,1.2753,1517820,6473.456
107654,289.0536,1.29419,1526505,6503.714
107654,293.0533,1.31303,1535183,6533.528
107654,297.0530,1.33182,1543856,6562.923
107654,301.0526,1.35057,1552527,6591.921
107654,305.0523,1.36928,1561201,6620.542
107654,309.0520,1.38795,1569879,6648.804
107654,313.0516,1.40659,1578563,6676.724
107654,317.0513,1.42521,1587257,6704.319
107654,321.0510,1.44379,1595961,6731.601
107654,325.0506,1.46235,1604678,6758.585
107654,329.0503,1.48089,1613410,6785.283
107654,333.0500,1.4994,1622157,6811.706
107654,337.0496,1.5179,1630921,6837.865
107654,341.0493,1.53638,1639704,6863.769
107654,345.0490,1.55484,1648506,6889.427
107654,349.0486,1.57329,1657329,6914.849
107654,353.0483,1.59172,1666172,6940.041
107654,357.0480,1.61014,1675038,6965.012
107654,361.0476,1.62854,1683927,6989.769
123669,243.8885,0.932602,1424406,6052.85
123669,247.8882,0.950202,1433675,6090.548
123669,251.8878,0.967637,1442848,6127.258
123669,255.8875,0.984927,1451939,6163.065
123669,259.8872,1.00209,1460958,6198.042
123669,263.8868,1.01913,1469917,6232.253
123669,267.8865,1.03607,1478825,6265.754
123669,271.8862,1.05292,1487689,6298.598
123669,275.8858,1.06969,1496516,6330.829
123669,279.8855,1.08638,1505313,6362.487
123669,283.8852,1.103,1514086,6393.61
123669,287.8848,1.11956,1522840,6424.23
123669,291.8845,1.13607,1531579,6454.378
123669,295.8842,1.15253,1540308,6484.08
123669,299.8838,1.16895,1549030,6513.361
123669,303.8835,1.18532,1557749,6542.244
123669,307.8832,1.20166,1566469,6570.75
123669,311.8828,1.21797,1575191,6598.897
123669,315.8825,1.23424,1583918,6626.702
123669,319.8822,1.25048,1592653,6654.181
123669,323.8818,1.2667,1601398,6681.35
123669,327.8815,1.2829,1610155,6708.22
123669,331.8812,1.29907,1618925,6734.806
123669,335.8808,1.31523,1627710,6761.118
123669,339.8805,1.33136,1636511,6787.166
123669,343.8802,1.34748,1645330,6812.961
123669,347.8798,1.36358,1654167,6838.512
123669,351.8795,1.37967,1663024,6863.828
123669,355.8792,1.39575,1671902,6888.916
123669,359.8788,1.41181,1680802,6913.783
123669,363.8785,1.42786,1689724,6938.438
142067,246.7965,0.819072,1428598,6004.446
142067,250.7961,0.83453,1437981,6042.163
142067,254.7958,0.849833,1447260,6078.87
142067,258.7955,0.865,1456449,6114.654
142067,262.7951,0.880044,1465560,6149.591
142067,266.7948,0.894979,1474604,6183.748
142067,270.7945,0.909818,1483592,6217.185
142067,274.7941,0.924569,1492531,6249.953
142067,278.7938,0.939243,1501429,6282.101
142067,282.7935,0.953847,1510293,6313.669
142067,286.7931,0.968388,1519129,6344.697
142067,290.7928,0.982871,1527943,6375.217
142067,294.7925,0.997304,1536740,6405.262
142067,298.7921,1.01169,1545523,6434.858
142067,302.7918,1.02603,1554298,6464.031
142067,306.7915,1.04034,1563068,6492.805
142067,310.7911,1.05461,1571836,6521.2
142067,314.7908,1.06885,1580605,6549.236
142067,318.7905,1.08306,1589379,6576.93
142067,322.7901,1.09724,1598158,6604.299
142067,326.7898,1.1114,1606946,6631.357
142067,330.7895,1.12554,1615745,6658.117
142067,334.7891,1.13965,1624555,6684.593
142067,338.7888,1.15375,1633380,6710.797
142067,342.7885,1.16783,1642221,6736.738
142067,346.7881,1.18189,1651078,6762.426
142067,350.7878,1.19594,1659953,6787.872
142067,354.7875,1.20997,1668847,6813.084
142067,358.7871,1.22399,1677761,6838.069
142067,362.7868,1.238,1686697,6862.835
142067,366.7865,1.252,1695654,6887.389
163203,249.7848,0.719295,1432805,5956.105
163203,253.7844,0.732881,1442311,5993.863
163203,257.7841,0.746322,1451704,6030.585
163203,261.7838,0.759634,1460998,6066.364
163203,265.7834,0.772831,1470208,6101.277
163203,269.7831,0.785926,1479344,6135.394
163203,273.7828,0.79893,1488416,6168.778
163203,277.7824,0.811852,1497436,6201.483
163203,281.7821,0.824701,1506409,6233.558
163203,285.7818,0.837484,1515345,6265.046
163203,289.7814,0.850208,1524249,6295.986
163203,293.7811,0.862878,1533127,6326.415
163203,297.7808,0.8755,1541985,6356.363
163203,301.7804,0.888078,1550828,6385.86
163203,305.7801,0.900616,1559659,6414.932
163203,309.7798,0.913119,1568483,6443.602
163203,313.7794,0.925588,1577303,6471.892
163203,317.7791,0.938027,1586123,6499.822
163203,321.7788,0.950439,1594944,6527.409
163203,325.7784,0.962826,1603771,6554.671
163203,329.7781,0.975189,1612605,6581.622
163203,333.7778,0.987532,1621448,6608.277
163203,337.7774,0.999854,1630303,6634.647
163203,341.7771,1.01216,1639170,6660.745
163203,345.7768,1.02445,1648052,6686.581
163203,349.7764,1.03672,1656950,6712.167
163203,353.7761,1.04898,1665865,6737.51
163203,357.7758,1.06122,1674798,6762.619
163203,361.7754,1.07345,1683751,6787.504
163203,365.7751,1.08567,1692724,6812.171
163203,369.7748,1.09788,1701718,6836.627
187482,252.8568,0.6316,1437021,5907.815
187482,256.8565,0.64355,1446660,5945.637
187482,260.8562,0.655363,1456175,5982.396
187482,264.8558,0.667055,1465582,6018.186
187482,268.8555,0.678639,1474896,6053.091
187482,272.8552,0.690127,1484130,6087.184
187482,276.8548,0.701529,1493295,6120.528
187482,280.8545,0.712855,1502400,6153.181
187482,284.8542,0.724111,1511455,6185.194
187482,288.8538,0.735306,1520467,6216.611
187482,292.8535,0.746445,1529443,6247.474
187482,296.8532,0.757534,1538390,6277.819
187482,300.8528,0.768577,1547314,6307.679
187482,304.8525,0.779579,1556219,6337.084
187482,308.8522,0.790544,1565111,6366.061
187482,312.8518,0.801474,1573992,6394.633
187482,316.8515,0.812374,1582868,6422.824
187482,320.8512,0.823245,1591741,6450.653
187482,324.8508,0.83409,1600615,6478.139
187482,328.8505,0.844911,1609492,6505.299
187482,332.8502,0.85571,1618375,6532.147
187482,336.8498,0.866489,1627266,6558.699
187482,340.8495,0.87725,1636167,6584.967
187482,344.8492,0.887993,1645079,6610.964
187482,348.8488,0.898721,1654005,6636.699
187482,352.8485,0.909433,1662947,6662.183
187482,356.8482,0.920132,1671904,6687.427
187482,360.8478,0.930819,1680879,6712.438
187482,364.8475,0.941493,1689873,6737.224
187482,368.8472,0.952156,1698886,6761.793
187482,372.8468,0.962808,1707920,6786.153
215373,256.0162,0.554518,1441237,5859.561
215373,260.0159,0.565037,1451018,5897.472
215373,264.0155,0.575428,1460664,5934.288
215373,268.0152,0.585704,1470193,5970.11
215373,272.0149,0.595879,1479620,6005.025
215373,276.0145,0.605964,1488959,6039.108
215373,280.0142,0.615969,1498222,6072.426
215373,284.0139,0.625901,1507419,6105.04
215373,288.0135,0.635768,1516561,6137.002
215373,292.0132,0.645577,1525655,6168.36
215373,296.0129,0.655334,1534709,6199.155
215373,300.0125,0.665043,1543729,6229.425
215373,304.0122,0.67471,1552723,6259.205
215373,308.0119,0.684337,1561695,6288.526
215373,312.0115,0.69393,1570651,6317.414
215373,316.0112,0.70349,1579594,6345.896
215373,320.0109,0.713021,1588530,6373.993
215373,324.0105,0.722525,1597460,6401.727
215373,328.0102,0.732004,1606390,6429.117
215373,332.0099,0.741461,1615320,6456.18
215373,336.0095,0.750898,1624255,6482.931
215373,340.0092,0.760315,1633197,6509.385
215373,344.0089,0.769714,1642147,6535.555
215373,348.0085,0.779097,1651108,6561.453
215373,352.0082,0.788465,1660082,6587.091
215373,356.0079,0.797819,1669069,6612.479
215373,360.0075,0.80716,1678071,6637.625
215373,364.0072,0.816489,1687091,6662.54
215373,368.0069,0.825806,1696128,6687.231
215373,372.0065,0.835113,1705184,6711.706
215373,376.0062,0.84441,1714259,6735.972
247414,259.2667,0.486762,1445443,5811.327
247414,263.2663,0.49603,1455378,5849.352
247414,267.2660,0.505176,1465165,5886.249
247414,271.2657,0.514216,1474824,5922.123
247414,275.2653,0.52316,1484372,5957.065
247414,279.2650,0.532019,1493824,5991.155
247414,283.2647,0.540803,1503192,6024.462
247414,287.2643,0.549518,1512488,6057.051
247414,291.2640,0.558173,1521722,6088.975
247414,295.2637,0.566773,1530904,6120.283
247414,299.2633,0.575324,1540041,6151.021
247414,303.2630,0.58383,1549140,6181.226
247414,307.2627,0.592296,1558209,6210.935
247414,311.2623,0.600725,1567253,6240.179
247414,315.2620,0.60912,1576277,6268.987
247414,319.2617,0.617486,1585287,6297.385
247414,323.2613,0.625824,1594286,6325.396
247414,327.2610,0.634136,1603278,6353.042
247414,331.2607,0.642426,1612266,6380.342
247414,335.2603,0.650694,1621255,6407.313
247414,339.2600,0.658942,1630245,6433.972
247414,343.2597,0.667172,1639241,6460.333
247414,347.2593,0.675386,1648244,6486.409
247414,351.2590,0.683584,1657257,6512.214
247414,355.2587,0.691768,1666280,6537.758
247414,359.2583,0.699938,1675317,6563.052
247414,363.2580,0.708095,1684368,6588.106
247414,367.2577,0.716242,1693434,6612.928
247414,371.2573,0.724377,1702517,6637.527
247414,375.2570,0.732502,1711618,6661.91
247414,379.2567,0.740617,1720738,6686.085
284221,262.6121,0.427199,1449629,5763.092
284221,266.6118,0.435372,1459728,5801.259
284221,270.6115,0.443432,1469667,5838.261
284221,274.6111,0.45139,1479466,5874.209
284221,278.6108,0.459258,1489144,5909.197
284221,282.6105,0.467047,1498716,5943.311
284221,286.6101,0.474764,1508197,5976.624
284221,290.6098,0.482417,1517599,6009.201
284221,294.6095,0.490013,1526933,6041.1
284221,298.6091,0.497558,1536208,6072.372
284221,302.6088,0.505056,1545434,6103.063
284221,306.6085,0.512512,1554618,6133.214
284221,310.6081,0.519931,1563767,6162.861
284221,314.6078,0.527315,1572888,6192.038
284221,318.6075,0.534667,1581986,6220.775
284221,322.6071,0.541991,1591066,6249.097
284221,326.6068,0.549288,1600133,6277.029
284221,330.6065,0.556562,1609191,6304.593
284221,334.6061,0.563814,1618243,6331.809
284221,338.6058,0.571046,1627293,6358.695
284221,342.6055,0.578259,1636343,6385.267
284221,346.6051,0.585455,1645397,6411.54
284221,350.6048,0.592635,1654456,6437.528
284221,354.6045,0.5998,1663524,6463.244
284221,358.6041,0.606951,1672601,6488.699
284221,362.6038,0.61409,1681690,6513.904
284221,366.6035,0.621217,1690792,6538.869
284221,370.6031,0.628333,1699909,6563.602
284221,374.6028,0.635438,1709041,6588.112
284221,378.6025,0.642534,1718191,6612.407
284221,382.6021,0.649621,1727358,6636.494
326504,266.0568,0.374837,1453779,5714.831
326504,270.0565,0.382052,1464056,5753.171
326504,274.0561,0.38916,1474158,5790.305
326504,278.0558,0.396173,1484108,5826.349
326504,282.0555,0.403101,1493925,5861.405
326504,286.0551,0.409954,1503627,5895.562
326504,290.0548,0.416739,1513229,5928.896
326504,294.0545,0.423465,1522744,5961.477
326504,298.0541,0.430137,1532185,5993.365
326504,302.0538,0.43676,1541561,6024.614
326504,306.0535,0.44334,1550882,6055.271
326504,310.0531,0.44988,1560156,6085.378
326504,314.0528,0.456384,1569392,6114.975
326504,318.0525,0.462856,1578595,6144.095
326504,322.0521,0.469299,1587772,6172.768
326504,326.0518,0.475714,1596928,6201.023
326504,330.0515,0.482105,1606068,6228.884
326504,334.0511,0.488473,1615196,6256.374
326504,338.0508,0.49482,1624316,6283.513
326504,342.0505,0.501148,1633431,6310.321
326504,346.0501,0.507459,1642546,6336.812
326504,350.0498,0.513753,1651662,6363.004
326504,354.0495,0.520032,1660782,6388.909
326504,358.0491,0.526297,1669908,6414.542
326504,362.0488,0.532549,1679043,6439.913
326504,366.0485,0.538789,1688188,6465.033
326504,370.0481,0.545018,1697344,6489.913
326504,374.0478,0.551236,1706515,6514.561
326504,378.0475,0.557444,1715700,6538.987
326504,382.0471,0.563643,1724901,6563.197
326504,386.0468,0.569833,1734119,6587.2
375077,269.6050,0.328802,1457879,5666.518
375077,273.6047,0.335179,1468347,5705.062
375077,277.6043,0.341455,1478625,5742.355
375077,281.6040,0.34764,1488737,5778.522
375077,285.6037,0.353746,1498704,5813.668
375077,289.6033,0.359781,1508545,5847.887
375077,293.6030,0.365753,1518277,5881.262
375077,297.6027,0.371668,1527914,5913.864
375077,301.6023,0.377533,1537469,5945.756
375077,305.6020,0.383352,1546953,5976.996
375077,309.6017,0.38913,1556377,6007.631
375077,313.6013,0.39487,1565748,6037.708
375077,317.6010,0.400577,1575076,6067.265
375077,321.6007,0.406253,1584368,6096.338
375077,325.6003,0.411902,1593629,6124.958
375077,329.6000,0.417525,1602867,6153.155
375077,333.5997,0.423124,1612085,6180.954
375077,337.5993,0.428702,1621288,6208.379
375077,341.5990,0.434261,1630481,6235.449
375077,345.5987,0.439801,1639667,6262.185
375077,349.5983,0.445325,1648850,6288.603
375077,353.5980,0.450833,1658033,6314.72
375077,357.5977,0.456327,1667217,6340.549
375077,361.5973,0.461808,1676407,6366.103
375077,365.5970,0.467276,1685603,6391.396
375077,369.5967,0.472733,1694808,6416.437
375077,373.5963,0.478179,1704023,6441.237
375077,377.5960,0.483615,1713251,6465.805
375077,381.5957,0.489041,1722492,6490.15
375077,385.5953,0.494459,1731748,6514.28
375077,389.5950,0.499868,1741020,6538.203
430876,273.2613,0.288328,1461909,5618.118
430876,277.2610,0.293971,1472584,5656.902
430876,281.2606,0.299518,1483052,5694.385
430876,285.2603,0.304981,1493338,5730.701
430876,289.2600,0.310368,1503467,5765.961
430876,293.2596,0.315688,1513458,5800.266
430876,297.2593,0.320948,1523330,5833.7
430876,301.2590,0.326155,1533097,5866.341
430876,305.2586,0.331315,1542775,5898.255
430876,309.2583,0.336431,1552375,5929.5
430876,313.2580,0.341509,1561909,5960.129
430876,317.2576,0.346552,1571385,5990.188
430876,321.2573,0.351562,1580812,6019.717
430876,325.2570,0.356544,1590199,6048.755
430876,329.2566,0.3615,1599551,6077.334
430876,333.2563,0.366431,1608876,6105.484
430876,337.2560,0.371341,1618178,6133.23
430876,341.2556,0.37623,1627462,6160.598
430876,345.2553,0.381101,1636733,6187.608
430876,349.2550,0.385954,1645996,6214.28
430876,353.2546,0.390792,1655252,6240.633
430876,357.2543,0.395615,1664506,6266.682
430876,361.2540,0.400425,1673760,6292.441
430876,365.2536,0.405221,1683017,6317.924
430876,369.2533,0.410006,1692279,6343.144
430876,373.2530,0.41478,1701548,6368.112
430876,377.2526,0.419544,1710826,6392.838
430876,381.2523,0.424298,1720115,6417.331
430876,385.2520,0.429043,1729417,6441.601
430876,389.2516,0.43378,1738732,6465.655
430876,393.2513,0.438508,1748061,6489.501
494977,277.0305,0.252742,1465848,5569.591
494977,281.0302,0.257743,1476747,5608.653
494977,285.0299,0.262652,1487419,5646.362
494977,289.0295,0.267481,1497894,5682.856
494977,293.0292,0.272239,1508196,5718.257
494977,297.0289,0.276934,1518349,5752.67
494977,301.0285,0.281573,1528371,5786.187
494977,305.0282,0.286161,1538280,5818.887
494977,309.0279,0.290705,1548090,5850.84
494977,313.0275,0.295207,1557815,5882.108
494977,317.0272,0.299674,1567467,5912.745
494977,321.0269,0.304107,1577055,5942.801
494977,325.0265,0.30851,1586589,5972.317
494977,329.0262,0.312886,1596078,6001.333
494977,333.0259,0.317237,1605528,6029.882
494977,337.0255,0.321565,1614947,6057.995
494977,341.0252,0.325873,1624339,6085.699
494977,345.0249,0.330161,1633711,6113.02
494977,349.0245,0.334432,1643066,6139.98
494977,353.0242,0.338686,1652410,6166.598
494977,357.0239,0.342925,1661745,6192.893
494977,361.0235,0.347151,1671076,6218.882
494977,365.0232,0.351363,1680404,6244.579
494977,369.0229,0.355564,1689734,6269.998
494977,373.0225,0.359753,1699066,6295.153
494977,377.0222,0.363932,1708405,6320.053
494977,381.0219,0.368101,1717750,6344.711
494977,385.0215,0.372261,1727105,6369.135
494977,389.0212,0.376412,1736471,6393.335
494977,393.0209,0.380555,1745849,6417.318
494977,397.0205,0.384691,1755240,6441.093
568613,280.9177,0.221453,1469670,5520.89
568613,284.9174,0.22589,1480812,5560.275
568613,288.9170,0.230242,1491706,5598.245
568613,292.9167,0.234517,1502384,5634.951
568613,296.9164,0.238724,1512874,5670.522
568613,300.9160,0.242873,1523201,5705.071
568613,304.9157,0.246967,1533386,5738.693
568613,308.9154,0.251015,1543446,5771.474
568613,312.9150,0.25502,1553399,5803.486
568613,316.9147,0.258986,1563259,5834.796
568613,320.9144,0.262918,1573038,5865.459
568613,324.9140,0.266819,1582747,5895.528
568613,328.9137,0.270692,1592396,5925.045
568613,332.9134,0.274539,1601995,5954.053
568613,336.9130,0.278362,1611551,5982.585
568613,340.9127,0.282164,1621070,6010.674
568613,344.9124,0.285946,1630560,6038.348
568613,348.9120,0.28971,1640026,6065.634
568613,352.9117,0.293457,1649472,6092.553
568613,356.9114,0.297189,1658903,6119.127
568613,360.9110,0.300906,1668323,6145.374
568613,364.9107,0.304611,1677736,6171.311
568613,368.9104,0.308303,1687145,6196.955
568613,372.9100,0.311983,1696552,6222.318
568613,376.9097,0.315653,1705961,6247.414
568613,380.9094,0.319313,1715373,6272.255
568613,384.9090,0.322964,1724791,6296.851
568613,388.9087,0.326605,1734217,6321.212
568613,392.9084,0.330239,1743652,6345.348
568613,396.9080,0.333865,1753097,6369.266
568613,400.9077,0.337483,1762555,6392.976
653204,284.9281,0.19394,1473345,5471.961
653204,288.9278,0.197885,1484751,5511.715
653204,292.9274,0.201747,1495885,5549.988
653204,296.9271,0.205537,1506784,5586.943
653204,300.9268,0.209263,1517477,5622.718
653204,304.9264,0.212933,1527993,5657.431
653204,308.9261,0.216552,1538353,5691.186
653204,312.9258,0.220127,1548577,5724.071
653204,316.9254,0.223661,1558684,5756.166
653204,320.9251,0.227159,1568689,5787.537
653204,324.9248,0.230624,1578605,5818.246
653204,328.9244,0.23406,1588445,5848.344
653204,332.9241,0.237469,1598219,5877.88
653204,336.9238,0.240854,1607937,5906.895
653204,340.9234,0.244216,1617606,5935.425
653204,344.9231,0.247559,1627235,5963.504
653204,348.9228,0.250882,1636830,5991.161
653204,352.9224,0.254188,1646396,6018.422
653204,356.9221,0.257479,1655940,6045.313
653204,360.9218,0.260755,1665466,6071.853
653204,364.9214,0.264017,1674978,6098.062
653204,368.9211,0.267267,1684479,6123.958
653204,372.9208,0.270505,1693974,6149.557
653204,376.9204,0.273732,1703466,6174.873
653204,380.9201,0.276949,1712956,6199.919
653204,384.9198,0.280156,1722448,6224.707
653204,388.9194,0.283355,1731944,6249.249
653204,392.9191,0.286545,1741445,6273.555
653204,396.9188,0.289727,1750954,6297.634
653204,400.9184,0.292902,1760472,6321.494
653204,404.9181,0.29607,1770001,6345.143
750380,289.0673,0.169747,1476836,5422.735
750380,293.0670,0.17326,1488530,5462.915
750380,297.0666,0.176695,1499927,5501.539
750380,301.0663,0.18006,1511065,5538.785
750380,305.0660,0.183365,1521979,5574.799
750380,309.0656,0.186616,1532699,5609.709
750380,313.0653,0.189819,1543249,5643.626
750380,317.0650,0.19298,1553651,5676.643
750380,321.0646,0.196102,1563925,5708.844
750380,325.0643,0.199191,1574087,5740.3
750380,329.0640,0.202248,1584152,5771.075
750380,333.0636,0.205278,1594133,5801.224
750380,337.0633,0.208282,1604042,5830.796
750380,341.0630,0.211263,1613888,5859.835
750380,345.0626,0.214223,1623680,5888.379
750380,349.0623,0.217164,1633426,5916.463
750380,353.0620,0.220087,1643135,5944.117
750380,357.0616,0.222994,1652810,5971.368
750380,361.0613,0.225886,1662460,5998.242
750380,365.0610,0.228764,1672087,6024.761
750380,369.0606,0.231629,1681698,6050.944
750380,373.0603,0.234482,1691296,6076.809
750380,377.0600,0.237324,1700884,6102.373
750380,381.0596,0.240155,1710465,6127.651
750380,385.0593,0.242977,1720044,6152.657
750380,389.0590,0.24579,1729622,6177.402
750380,393.0586,0.248594,1739201,6201.898
750380,397.0583,0.25139,1748784,6226.156
750380,401.0580,0.254179,1758373,6250.185
750380,405.0576,0.256961,1767969,6273.993
750380,409.0573,0.259736,1777574,6297.59
862013,293.3410,0.148474,1480102,5373.137
862013,297.3407,0.151608,1492112,5413.804
862013,301.3404,0.154668,1503795,5452.834
862013,305.3400,0.157661,1515195,5490.417
862013,309.3397,0.160597,1526350,5526.712
862013,313.3394,0.163482,1537291,5561.857
862013,317.3390,0.166321,1548048,5595.969
862013,321.3387,0.16912,1558643,5629.149
862013,325.3384,0.171882,1569098,5661.484
862013,329.3380,0.174613,1579430,5693.05
862013,333.3377,0.177313,1589657,5723.914
862013,337.3374,0.179988,1599791,5754.135
862013,341.3370,0.182638,1609845,5783.764
862013,345.3367,0.185267,1619829,5812.846
862013,349.3364,0.187875,1629755,5841.422
862013,353.3360,0.190466,1639629,5869.527
862013,357.3357,0.193039,1649460,5897.194
862013,361.3354,0.195597,1659254,5924.45
862013,365.3350,0.198141,1669017,5951.322
862013,369.3347,0.200671,1678755,5977.832
862013,373.3344,0.20319,1688472,6004.001
862013,377.3340,0.205697,1698173,6029.848
862013,381.3337,0.208193,1707862,6055.389
862013,385.3334,0.210679,1717541,6080.64
862013,389.3330,0.213156,1727215,6105.614
862013,393.3327,0.215625,1736885,6130.326
862013,397.3324,0.218085,1746555,6154.785
862013,401.3320,0.220538,1756226,6179.004
862013,405.3317,0.222983,1765901,6202.991
862013,409.3314,0.225422,1775581,6226.756
862013,413.3310,0.227854,1785268,6250.307
990252,297.7554,0.129766,1483094,5323.073
990252,301.7551,0.13257,1495451,5364.301
990252,305.7548,0.135301,1507448,5403.799
990252,309.7544,0.137969,1519135,5441.772
990252,313.7541,0.140582,1530552,5478.396
990252,317.7538,0.143145,1541736,5513.818
990252,321.7534,0.145666,1552717,5548.163
990252,325.7531,0.148148,1563523,5581.539
990252,329.7528,0.150596,1574174,5614.039
990252,333.7524,0.153013,1584692,5645.744
990252,337.7521,0.155402,1595094,5676.724
990252,341.7518,0.157766,1605394,5707.041
990252,345.7514,0.160107,1615606,5736.75
990252,349.7511,0.162427,1625742,5765.896
990252,353.7508,0.164729,1635811,5794.524
990252,357.7504,0.167013,1645824,5822.669
990252,361.7501,0.169281,1655788,5850.366
990252,365.7498,0.171534,1665710,5877.643
990252,369.7494,0.173774,1675596,5904.528
990252,373.7491,0.176001,1685454,5931.045
990252,377.7488,0.178217,1695287,5957.214
990252,381.7484,0.180421,1705100,5983.055
990252,385.7481,0.182616,1714897,6008.585
990252,389.7478,0.184801,1724682,6033.821
990252,393.7474,0.186978,1734458,6058.776
990252,397.7471,0.189146,1744228,6083.464
990252,401.7468,0.191306,1753995,6107.897
990252,405.7464,0.193459,1763761,6132.085
990252,409.7461,0.195605,1773528,6156.04
990252,413.7458,0.197745,1783299,6179.77
990252,417.7454,0.199878,1793074,6203.284
1.13757e+06,302.3168,0.113315,1485752,5272.434
1.13757e+06,306.3164,0.115829,1498494,5314.309
1.13757e+06,310.3161,0.118273,1510838,5354.346
1.13757e+06,314.3158,0.120656,1522839,5392.774
1.13757e+06,318.3154,0.122985,1534544,5429.781
1.13757e+06,322.3151,0.125268,1545994,5465.527
1.13757e+06,326.3148,0.12751,1557222,5500.148
1.13757e+06,330.3144,0.129715,1568256,5533.759
1.13757e+06,334.3141,0.131887,1579123,5566.459
1.13757e+06,338.3138,0.13403,1589843,5598.335
1.13757e+06,342.3134,0.136146,1600435,5629.461
1.13757e+06,346.3131,0.138239,1610916,5659.902
1.13757e+06,350.3128,0.14031,1621300,5689.714
1.13757e+06,354.3124,0.142361,1631600,5718.949
1.13757e+06,358.3121,0.144393,1641826,5747.65
1.13757e+06,362.3118,0.14641,1651989,5775.856
1.13757e+06,366.3114,0.148411,1662097,5803.603
1.13757e+06,370.3111,0.150398,1672158,5830.92
1.13757e+06,374.3108,0.152373,1682179,5857.835
1.13757e+06,378.3104,0.154335,1692166,5884.374
1.13757e+06,382.3101,0.156286,1702124,5910.558
1.13757e+06,386.3098,0.158227,1712058,5936.408
1.13757e+06,390.3094,0.160158,1721973,5961.941
1.13757e+06,394.3091,0.16208,1731872,5987.174
1.13757e+06,398.3088,0.163994,1741759,6012.123
1.13757e+06,402.3084,0.1659,1751637,6036.799
1.13757e+06,406.3081,0.167798,1761509,6061.217
1.13757e+06,410.3078,0.16969,1771377,6085.386
1.13757e+06,414.3074,0.171575,1781245,6109.318
1.13757e+06,418.3071,0.173453,1791113,6133.023
1.13757e+06,422.3068,0.175326,1800984,6156.509
1.3068e+06,307.0317,0.0988485,1488007,5221.09
1.3068e+06,311.0313,0.101109,1501178,5263.713
1.3068e+06,315.0310,0.103301,1513906,5304.376
1.3068e+06,319.0307,0.105434,1526255,5343.33
1.3068e+06,323.0303,0.107516,1538278,5380.783
1.3068e+06,327.0300,0.109553,1550020,5416.909
1.3068e+06,331.0297,0.111551,1561518,5451.855
1.3068e+06,335.0293,0.113513,1572804,5485.745
1.3068e+06,339.0290,0.115444,1583906,5518.686
1.3068e+06,343.0287,0.117347,1594847,5550.768
1.3068e+06,347.0283,0.119225,1605647,5582.073
1.3068e+06,351.0280,0.12108,1616326,5612.668
1.3068e+06,355.0277,0.122914,1626897,5642.614
1.3068e+06,359.0273,0.124729,1637375,5671.963
1.3068e+06,363.0270,0.126527,1647773,5700.762
1.3068e+06,367.0267,0.12831,1658099,5729.052
1.3068e+06,371.0263,0.130078,1668364,5756.87
1.3068e+06,375.0260,0.131832,1678576,5784.246
1.3068e+06,379.0257,0.133575,1688743,5811.212
1.3068e+06,383.0253,0.135305,1698870,5837.791
1.3068e+06,387.0250,0.137026,1708964,5864.007
1.3068e+06,391.0247,0.138736,1719030,5889.882
1.3068e+06,395.0243,0.140437,1729072,5915.433
1.3068e+06,399.0240,0.14213,1739095,5940.678
1.3068e+06,403.0237,0.143814,1749102,5965.633
1.3068e+06,407.0233,0.145491,1759097,5990.311
1.3068e+06,411.0230,0.147161,1769083,6014.725
1.3068e+06,415.0227,0.148824,1779062,6038.887
1.3068e+06,419.0223,0.150481,1789038,6062.808
1.3068e+06,423.0220,0.152132,1799011,6086.498
1.3068e+06,427.0217,0.153778,1808986,6109.965
1.50121e+06,311.9070,0.0861259,1489777,5168.887
1.50121e+06,315.9067,0.0881645,1503429,5212.38
1.50121e+06,319.9063,0.0901365,1516586,5253.768
1.50121e+06,323.9060,0.0920514,1529322,5293.334
1.50121e+06,327.9057,0.0939166,1541697,5331.307
1.50121e+06,331.9053,0.0957384,1553762,5367.877
1.50121e+06,335.9050,0.0975221,1565557,5403.204
1.50121e+06,339.9047,0.0992721,1577120,5437.424
1.50121e+06,343.9043,0.100992,1588480,5470.65
1.50121e+06,347.9040,0.102685,1599663,5502.982
1.50121e+06,351.9037,0.104354,1610692,5534.503
1.50121e+06,355.9033,0.106001,1621586,5565.287
1.50121e+06,359.9030,0.107628,1632363,5595.397
1.50121e+06,363.9027,0.109237,1643036,5624.891
1.50121e+06,367.9023,0.11083,1653620,5653.815
1.50121e+06,371.9020,0.112408,1664125,5682.215
1.50121e+06,375.9017,0.113972,1674561,5710.127
1.50121e+06,379.9013,0.115523,1684938,5737.586
1.50121e+06,383.9010,0.117063,1695263,5764.622
1.50121e+06,387.9007,0.118591,1705543,5791.261
1.50121e+06,391.9003,0.12011,1715784,5817.529
1.50121e+06,395.9000,0.121619,1725993,5843.446
1.50121e+06,399.8997,0.123119,1736174,5869.032
1.50121e+06,403.8993,0.124611,1746331,5894.305
1.50121e+06,407.8990,0.126096,1756468,5919.281
1.50121e+06,411.8987,0.127573,1766590,5943.975
1.50121e+06,415.8983,0.129043,1776699,5968.399
1.50121e+06,419.8980,0.130507,1786799,5992.567
1.50121e+06,423.8977,0.131965,1796891,6016.489
1.50121e+06,427.8973,0.133417,1806979,6040.175
1.50121e+06,431.8970,0.134863,1817065,6063.635
1.72455e+06,316.9499,0.0749367,1490964,5115.638
1.72455e+06,320.9496,0.0767821,1505160,5160.148
1.72455e+06,324.9492,0.078562,1518799,5202.384
1.72455e+06,328.9489,0.0802858,1531968,5242.663
1.72455e+06,332.9486,0.0819612,1544735,5281.241
1.72455e+06,336.9482,0.0835947,1557157,5318.33
1.72455e+06,340.9479,0.0851912,1569283,5354.105
1.72455e+06,344.9476,0.0867551,1581151,5388.712
1.72455e+06,348.9472,0.0882902,1592795,5422.276
1.72455e+06,352.9469,0.0897993,1604245,5454.903
1.72455e+06,356.9466,0.0912853,1615525,5486.683
1.72455e+06,360.9462,0.0927504,1626657,5517.695
1.72455e+06,364.9459,0.0941966,1637658,5548.006
1.72455e+06,368.9456,0.0956255,1648545,5577.677
1.72455e+06,372.9452,0.0970387,1659333,5606.758
1.72455e+06,376.9449,0.0984375,1670032,5635.296
1.72455e+06,380.9446,0.0998232,1680656,5663.33
1.72455e+06,384.9442,0.101197,1691212,5690.896
1.72455e+06,388.9439,0.102559,1701709,5718.026
1.72455e+06,392.9436,0.103911,1712156,5744.748
1.72455e+06,396.9432,0.105253,1722558,5771.087
1.72455e+06,400.9429,0.106586,1732923,5797.066
1.72455e+06,404.9426,0.10791,1743254,5822.706
1.72455e+06,408.9422,0.109227,1753557,5848.024
1.72455e+06,412.9419,0.110536,1763836,5873.039
1.72455e+06,416.9416,0.111839,1774095,5897.763
1.72455e+06,420.9412,0.113135,1784338,5922.213
1.72455e+06,424.9409,0.114425,1794568,5946.4
1.72455e+06,428.9406,0.115709,1804787,5970.336
1.72455e+06,432.9402,0.116987,1814999,5994.032
1.72455e+06,436.9399,0.118261,1825205,6017.498
1.9811e+06,322.1677,0.0650956,1491450,5061.12
1.9811e+06,326.1674,0.0667729,1506266,5106.828
1.9811e+06,330.1670,0.0683851,1520452,5150.057
1.9811e+06,334.1667,0.069942,1534107,5191.17
1.9811e+06,338.1664,0.0714516,1547314,5230.456
1.9811e+06,342.1660,0.0729201,1560136,5268.152
1.9811e+06,346.1657,0.0743528,1572628,5304.45
1.9811e+06,350.1654,0.0757539,1584835,5339.512
1.9811e+06,354.1650,0.077127,1596795,5373.474
1.9811e+06,358.1647,0.0784752,1608539,5406.45
1.9811e+06,362.1644,0.0798011,1620096,5438.538
1.9811e+06,366.1640,0.0811069,1631488,5469.822
1.9811e+06,370.1637,0.0823945,1642736,5500.375
1.9811e+06,374.1634,0.0836655,1653858,5530.26
1.9811e+06,378.1630,0.0849215,1664869,5559.532
1.9811e+06,382.1627,0.0861637,1675783,5588.24
1.9811e+06,386.1624,0.0873932,1686611,5616.426
1.9811e+06,390.1620,0.0886111,1697363,5644.127
1.9811e+06,394.1617,0.0898181,1708049,5671.377
1.9811e+06,398.1614,0.0910152,1718678,5698.206
1.9811e+06,402.1610,0.092203,1729256,5724.64
1.9811e+06,406.1607,0.0933822,1739789,5750.703
1.9811e+06,410.1604,0.0945533,1750284,5776.417
1.9811e+06,414.1600,0.0957169,1760746,5801.8
1.9811e+06,418.1597,0.0968734,1771179,5826.87
1.9811e+06,422.1594,0.0980232,1781588,5851.644
1.9811e+06,426.1590,0.0991668,1791976,5876.136
1.9811e+06,430.1587,0.100305,1802347,5900.358
1.9811e+06,434.1584,0.101437,1812704,5924.323
1.9811e+06,438.1580,0.102564,1823049,5948.043
1.9811e+06,442.1577,0.103686,1833386,5971.527
2.27583e+06,327.5680,0.0564391,1491091,5005.06
2.27583e+06,331.5676,0.0579709,1506623,5052.191
2.27583e+06,335.5673,0.0594372,1521433,5096.592
2.27583e+06,339.5670,0.0608486,1535641,5138.686
2.27583e+06,343.5666,0.0622132,1549343,5178.802
2.27583e+06,347.5663,0.0635376,1562614,5217.207
2.27583e+06,351.5660,0.0648268,1575517,5254.119
2.27583e+06,355.5656,0.0660853,1588101,5289.714
2.27583e+06,359.5653,0.0673167,1600411,5324.142
2.27583e+06,363.5650,0.0685239,1612482,5357.529
2.27583e+06,367.5646,0.0697096,1624345,5389.98
2.27583e+06,371.5643,0.0708758,1636026,5421.587
2.27583e+06,375.5640,0.0720245,1647546,5452.427
2.27583e+06,379.5636,0.0731573,1658927,5482.569
2.27583e+06,383.5633,0.0742756,1670183,5512.071
2.27583e+06,387.5630,0.0753807,1681331,5540.985
2.27583e+06,391.5626,0.0764736,1692383,5569.356
2.27583e+06,395.5623,0.0775553,1703351,5597.223
2.27583e+06,399.5620,0.0786266,1714244,5624.623
2.27583e+06,403.5616,0.0796884,1725071,5651.586
2.27583e+06,407.5613,0.0807412,1735840,5678.14
2.27583e+06,411.5610,0.0817858,1746559,5704.311
2.27583e+06,415.5606,0.0828226,1757233,5730.121
2.27583e+06,419.5603,0.0838522,1767867,5755.591
2.27583e+06,423.5600,0.084875,1778468,5780.738
2.27583e+06,427.5596,0.0858915,1789040,5805.579
2.27583e+06,431.5593,0.0869019,1799586,5830.131
2.27583e+06,435.5590,0.0879067,1810110,5854.405
2.27583e+06,439.5586,0.0889062,1820617,5878.416
2.27583e+06,443.5583,0.0899007,1831107,5902.175
2.27583e+06,447.5580,0.0908904,1841586,5925.693
2.6144e+06,333.1585,0.0488234,1489712,4947.121
2.6144e+06,337.1581,0.0502298,1506079,4995.959
2.6144e+06,341.1578,0.0515698,1521610,5041.755
2.6144e+06,345.1575,0.0528546,1536452,5085.007
2.6144e+06,349.1571,0.0540928,1550717,5126.1
2.6144e+06,353.1568,0.0552912,1564495,5165.339
2.6144e+06,357.1565,0.056455,1577859,5202.968
2.6144e+06,361.1561,0.0575887,1590867,5239.188
2.6144e+06,365.1558,0.0586959,1603568,5274.163
2.6144e+06,369.1555,0.0597797,1616003,5308.032
2.6144e+06,373.1551,0.0608425,1628206,5340.91
2.6144e+06,377.1548,0.0618865,1640205,5372.896
2.6144e+06,381.1545,0.0629135,1652027,5404.076
2.6144e+06,385.1541,0.0639252,1663692,5434.523
2.6144e+06,389.1538,0.064923,1675220,5464.299
2.6144e+06,393.1535,0.0659079,1686626,5493.459
2.6144e+06,397.1531,0.0668811,1697925,5522.052
2.6144e+06,401.1528,0.0678436,1709128,5550.121
2.6144e+06,405.1525,0.0687961,1720247,5577.702
2.6144e+06,409.1521,0.0697394,1731292,5604.829
2.6144e+06,413.1518,0.0706741,1742271,5631.533
2.6144e+06,417.1515,0.0716009,1753192,5657.838
2.6144e+06,421.1511,0.0725203,1764061,5683.77
2.6144e+06,425.1508,0.0734327,1774885,5709.349
2.6144e+06,429.1505,0.0743385,1785669,5734.595
2.6144e+06,433.1501,0.0752383,1796417,5759.526
2.6144e+06,437.1498,0.0761323,1807136,5784.157
2.6144e+06,441.1495,0.0770209,1817827,5808.504
2.6144e+06,445.1491,0.0779044,1828496,5832.578
2.6144e+06,449.1488,0.0787831,1839145,5856.393
2.6144e+06,453.1485,0.0796571,1849777,5879.96
3.00333e+06,338.9470,0.0421214,1487096,4886.881
3.00333e+06,342.9467,0.043421,1504453,4937.794
3.00333e+06,346.9464,0.0446523,1520827,4985.263
3.00333e+06,350.9460,0.0458274,1536399,5029.893
3.00333e+06,354.9457,0.0469556,1551310,5072.142
3.00333e+06,358.9454,0.048044,1565666,5112.362
3.00333e+06,362.9450,0.0490982,1579552,5150.835
3.00333e+06,366.9447,0.0501228,1593037,5187.786
3.00333e+06,370.9444,0.0511213,1606176,5223.402
3.00333e+06,374.9440,0.0520969,1619017,5257.834
3.00333e+06,378.9437,0.0530521,1631599,5291.213
3.00333e+06,382.9434,0.053989,1643954,5323.645
3.00333e+06,386.9430,0.0549094,1656109,5355.224
3.00333e+06,390.9427,0.055815,1668090,5386.029
3.00333e+06,394.9424,0.056707,1679917,5416.128
3.00333e+06,398.9420,0.0575868,1691608,5445.58
3.00333e+06,402.9417,0.0584552,1703178,5474.438
3.00333e+06,406.9414,0.0593132,1714641,5502.746
3.00333e+06,410.9410,0.0601616,1726009,5530.546
3.00333e+06,414.9407,0.0610011,1737293,5557.871
3.00333e+06,418.9404,0.0618324,1748502,5584.755
3.00333e+06,422.9400,0.0626561,1759644,5611.225
3.00333e+06,426.9397,0.0634726,1770727,5637.306
3.00333e+06,430.9394,0.0642824,1781757,5663.021
3.00333e+06,434.9390,0.0650859,1792740,5688.391
3.00333e+06,438.9387,0.0658836,1803683,5713.434
3.00333e+06,442.9384,0.0666758,1814588,5738.168
3.00333e+06,446.9380,0.0674627,1825462,5762.606
3.00333e+06,450.9377,0.0682447,1836307,5786.764
3.00333e+06,454.9374,0.0690221,1847128,5810.655
3.00333e+06,458.9370,0.0697951,1857927,5834.289
3.45013e+06,344.9414,0.0362209,1482969,4823.802
3.45013e+06,348.9410,0.037431,1501518,4877.271
3.45013e+06,352.9407,0.0385695,1518889,4926.771
3.45013e+06,356.9404,0.03965,1535316,4973.056
3.45013e+06,360.9400,0.0406829,1550974,5016.679
3.45013e+06,364.9397,0.0416757,1565992,5058.06
3.45013e+06,368.9394,0.0426343,1580473,5097.526
3.45013e+06,372.9390,0.0435634,1594497,5135.336
3.45013e+06,376.9387,0.0444669,1608132,5171.702
3.45013e+06,380.9384,0.0453478,1621429,5206.794
3.45013e+06,384.9380,0.0462086,1634435,5240.757
3.45013e+06,388.9377,0.0470516,1647185,5273.711
3.45013e+06,392.9374,0.0478786,1659713,5305.757
3.45013e+06,396.9370,0.0486912,1672045,5336.981
3.45013e+06,400.9367,0.0494906,1684203,5367.459
3.45013e+06,404.9364,0.050278,1696209,5397.255
3.45013e+06,408.9360,0.0510545,1708079,5426.424
3.45013e+06,412.9357,0.051821,1719828,5455.016
3.45013e+06,416.9354,0.0525782,1731470,5483.074
3.45013e+06,420.9350,0.0533268,1743016,5510.636
3.45013e+06,424.9347,0.0540675,1754477,5537.735
3.45013e+06,428.9344,0.0548008,1765862,5564.402
3.45013e+06,432.9340,0.0555272,1777179,5590.664
3.45013e+06,436.9337,0.0562472,1788435,5616.544
3.45013e+06,440.9334,0.0569612,1799637,5642.065
3.45013e+06,444.9330,0.0576695,1810791,5667.246
3.45013e+06,448.9327,0.0583724,1821901,5692.106
3.45013e+06,452.9324,0.0590704,1832973,5716.66
3.45013e+06,456.9320,0.0597636,1844011,5740.924
3.45013e+06,460.9317,0.0604524,1855020,5764.91
3.45013e+06,464.9314,0.0611369,1866001,5788.632
3.9634e+06,351.1491,0.0310221,1476979,4757.179
3.9634e+06,355.1488,0.0321595,1496992,4813.856
3.9634e+06,359.1485,0.03322,1515562,4865.854
3.9634e+06,363.1481,0.0342199,1533001,4914.144
3.9634e+06,367.1478,0.0351706,1549531,4959.415
3.9634e+06,371.1475,0.0360804,1565315,5002.176
3.9634e+06,375.1471,0.0369558,1580479,5042.815
3.9634e+06,379.1468,0.0378016,1595119,5081.636
3.9634e+06,383.1465,0.0386219,1609314,5118.88
3.9634e+06,387.1461,0.0394199,1623127,5154.745
3.9634e+06,391.1458,0.0401981,1636609,5189.391
3.9634e+06,395.1455,0.0409589,1649803,5222.953
3.9634e+06,399.1451,0.0417039,1662746,5255.544
3.9634e+06,403.1448,0.0424349,1675468,5287.258
3.9634e+06,407.1445,0.043153,1687995,5318.179
3.9634e+06,411.1441,0.0438595,1700350,5348.376
3.9634e+06,415.1438,0.0445555,1712551,5377.91
3.9634e+06,419.1435,0.0452416,1724617,5406.834
3.9634e+06,423.1431,0.0459188,1736561,5435.196
3.9634e+06,427.1428,0.0465878,1748397,5463.036
3.9634e+06,431.1425,0.047249,1760135,5490.39
3.9634e+06,435.1421,0.0479031,1771787,5517.291
3.9634e+06,439.1418,0.0485506,1783361,5543.767
3.9634e+06,443.1415,0.0491918,1794865,5569.845
3.9634e+06,447.1411,0.0498273,1806306,5595.547
3.9634e+06,451.1408,0.0504573,1817691,5620.895
3.9634e+06,455.1405,0.0510821,1829025,5645.908
3.9634e+06,459.1401,0.0517022,1840314,5670.603
3.9634e+06,463.1398,0.0523177,1851562,5694.997
3.9634e+06,467.1395,0.0529288,1862775,5719.102
3.9634e+06,471.1391,0.053536,1873955,5742.933
4.55303e+06,357.5774,0.0264365,1468655,4686.059
4.55303e+06,361.5771,0.0275178,1490515,4746.859
4.55303e+06,365.5767,0.0285147,1510555,4801.98
4.55303e+06,369.5764,0.0294467,1529208,4852.73
4.55303e+06,373.5761,0.030327,1546769,4899.993
4.55303e+06,377.5757,0.0311652,1563448,4944.405
4.55303e+06,381.5754,0.0319683,1579401,4986.437
4.55303e+06,385.5751,0.0327415,1594748,5026.45
4.55303e+06,389.5747,0.0334892,1609583,5064.727
4.55303e+06,393.5744,0.0342146,1623980,5101.495
4.55303e+06,397.5741,0.0349205,1638000,5136.939
4.55303e+06,401.5737,0.0356091,1651694,5171.21
4.55303e+06,405.5734,0.0362823,1665102,5204.434
4.55303e+06,409.5731,0.0369417,1678260,5236.719
4.55303e+06,413.5727,0.0375885,1691198,5268.154
4.55303e+06,417.5724,0.038224,1703941,5298.818
4.55303e+06,421.5721,0.0388492,1716510,5328.777
4.55303e+06,425.5717,0.0394649,1728926,5358.09
4.55303e+06,429.5714,0.0400719,1741204,5386.806
4.55303e+06,433.5711,0.0406709,1753359,5414.971
4.55303e+06,437.5707,0.0412625,1765404,5442.624
4.55303e+06,441.5704,0.0418471,1777349,5469.799
4.55303e+06,445.5701,0.0424253,1789205,5496.528
4.55303e+06,449.5697,0.0429976,1800981,5522.839
4.55303e+06,453.5694,0.0435642,1812684,5548.757
4.55303e+06,457.5691,0.0441255,1824323,5574.303
4.55303e+06,461.5687,0.0446819,1835902,5599.499
4.55303e+06,465.5684,0.0452337,1847428,5624.364
4.55303e+06,469.5681,0.0457811,1858906,5648.913
4.55303e+06,473.5677,0.0463243,1870342,5673.163
4.55303e+06,477.5674,0.0468636,1881738,5697.127
5.23037e+06,364.2324,0.0223838,1457355,4609.106
5.23037e+06,368.2320,0.0234273,1481618,4675.365
5.23037e+06,372.2317,0.0243745,1503500,4734.473
5.23037e+06,376.2314,0.0252506,1523635,4788.282
5.23037e+06,380.2310,0.0260716,1542431,4837.98
5.23037e+06,384.2307,0.0268485,1560167,4884.382
5.23037e+06,388.2304,0.027589,1577042,4928.076
5.23037e+06,392.2300,0.0282992,1593206,4969.5
5.23037e+06,396.2297,0.0289835,1608775,5008.993
5.23037e+06,400.2294,0.0296455,1623838,5046.821
5.23037e+06,404.2290,0.030288,1638469,5083.196
5.23037e+06,408.2287,0.0309133,1652726,5118.292
5.23037e+06,412.2284,0.0315235,1666657,5152.254
5.23037e+06,416.2280,0.03212,1680305,5185.201
5.23037e+06,420.2277,0.0327042,1693701,5217.234
5.23037e+06,424.2274,0.0332774,1706877,5248.439
5.23037e+06,428.2270,0.0338404,1719856,5278.891
5.23037e+06,432.2267,0.0343943,1732660,5308.654
5.23037e+06,436.2264,0.0349396,1745308,5337.782
5.23037e+06,440.2260,0.0354772,1757817,5366.324
5.23037e+06,444.2257,0.0360075,1770199,5394.325
5.23037e+06,448.2254,0.0365312,1782468,5421.82
5.23037e+06,452.2250,0.0370486,1794635,5448.845
5.23037e+06,456.2247,0.0375603,1806710,5475.429
5.23037e+06,460.2244,0.0380665,1818701,5501.598
5.23037e+06,464.2240,0.0385676,1830617,5527.379
5.23037e+06,468.2237,0.039064,1842465,5552.791
5.23037e+06,472.2234,0.0395558,1854251,5577.856
5.23037e+06,476.2230,0.0400435,1865981,5602.591
5.23037e+06,480.2227,0.0405271,1877660,5627.013
5.23037e+06,484.2224,0.041007,1889293,5651.137
6.00848e+06,371.1188,0.0187907,1442144,4524.341
6.00848e+06,375.1185,0.0198177,1469672,4598.129
6.00848e+06,379.1181,0.0207301,1493928,4662.455
6.00848e+06,383.1178,0.021562,1515910,4720.137
6.00848e+06,387.1175,0.0223338,1536208,4772.846
6.00848e+06,391.1171,0.0230586,1555204,4821.668
6.00848e+06,395.1168,0.0237454,1573165,4867.358
6.00848e+06,399.1165,0.0244009,1590281,4910.462
6.00848e+06,403.1161,0.02503,1606697,4951.39
6.00848e+06,407.1158,0.0256365,1622525,4990.46
6.00848e+06,411.1155,0.0262235,1637851,5027.924
6.00848e+06,415.1151,0.0267934,1652747,5063.982
6.00848e+06,419.1148,0.0273481,1667270,5098.8
6.00848e+06,423.1145,0.0278894,1681467,5132.514
6.00848e+06,427.1141,0.0284187,1695378,5165.239
6.00848e+06,431.1138,0.028937,1709038,5197.071
6.00848e+06,435.1135,0.0294454,1722473,5228.093
6.00848e+06,439.1131,0.0299449,1735710,5258.375
6.00848e+06,443.1128,0.030436,1748769,5287.98
6.00848e+06,447.1125,0.0309196,1761668,5316.96
6.00848e+06,451.1121,0.0313961,1774424,5345.362
6.00848e+06,455.1118,0.0318662,1787050,5373.229
6.00848e+06,459.1115,0.0323302,1799560,5400.596
6.00848e+06,463.1111,0.0327886,1811964,5427.497
6.00848e+06,467.1108,0.0332418,1824272,5453.96
6.00848e+06,471.1105,0.03369,1836494,5480.013
6.00848e+06,475.1101,0.0341336,1848636,5505.678
6.00848e+06,479.1098,0.0345729,1860707,5530.978
6.00848e+06,483.1095,0.0350081,1872712,5555.931
6.00848e+06,487.1091,0.0354395,1884658,5580.556
6.00848e+06,491.1088,0.0358672,1896549,5604.87
6.90235e+06,378.2387,0.0155863,1421572,4428.602
6.90235e+06,382.2384,0.0166258,1453804,4513.386
6.90235e+06,386.2381,0.01752,1481231,4584.773
6.90235e+06,390.2377,0.0183196,1505566,4647.461
6.90235e+06,394.2374,0.0190518,1527719,4703.945
6.90235e+06,398.2371,0.019733,1548240,4755.738
6.90235e+06,402.2367,0.0203739,1567491,4803.839
6.90235e+06,406.2364,0.0209821,1585725,4848.948
6.90235e+06,410.2361,0.0215632,1603126,4891.576
6.90235e+06,414.2357,0.0221213,1619834,4932.108
6.90235e+06,418.2354,0.0226596,1635957,4970.844
6.90235e+06,422.2351,0.0231808,1651580,5008.022
6.90235e+06,426.2347,0.0236869,1666773,5043.835
6.90235e+06,430.2344,0.0241796,1681591,5078.438
6.90235e+06,434.2341,0.0246604,1696081,5111.962
6.90235e+06,438.2337,0.0251304,1710282,5144.517
6.90235e+06,442.2334,0.0255908,1724228,5176.196
6.90235e+06,446.2331,0.0260423,1737946,5207.077
6.90235e+06,450.2327,0.0264857,1751461,5237.23
6.90235e+06,454.2324,0.0269218,1764795,5266.714
6.90235e+06,458.2321,0.027351,1777964,5295.58
6.90235e+06,462.2317,0.0277738,1790986,5323.874
6.90235e+06,466.2314,0.0281909,1803874,5351.637
6.90235e+06,470.2311,0.0286024,1816641,5378.904
6.90235e+06,474.2307,0.0290089,1829298,5405.707
6.90235e+06,478.2304,0.0294106,1841855,5432.075
6.90235e+06,482.2301,0.0298079,1854321,5458.033
6.90235e+06,486.2297,0.030201,1866704,5483.606
6.90235e+06,490.2294,0.0305901,1879011,5508.814
6.90235e+06,494.2291,0.0309755,1891249,5533.676
6.90235e+06,498.2287,0.0313574,1903424,5558.21
7.92919e+06,385.5897,0.0126957,1393082,4316.162
7.92919e+06,389.5894,0.0137943,1432750,4418.533
7.92919e+06,393.5890,0.0146905,1464606,4499.895
7.92919e+06,397.5887,0.0154702,1492021,4569.206
7.92919e+06,401.5884,0.016172,1516507,4630.488
7.92919e+06,405.5880,0.0168173,1538892,4685.959
7.92919e+06,409.5877,0.0174193,1559691,4736.991
7.92919e+06,413.5874,0.0179867,1579246,4784.504
7.92919e+06,417.5870,0.018526,1597798,4829.147
7.92919e+06,421.5867,0.0190416,1615526,4871.4
7.92919e+06,425.5864,0.0195372,1632564,4911.625
7.92919e+06,429.5860,0.0200155,1649018,4950.108
7.92919e+06,433.5857,0.0204787,1664971,4987.073
7.92919e+06,437.5854,0.0209286,1680491,5022.703
7.92919e+06,441.5850,0.0213667,1695633,5057.15
7.92919e+06,445.5847,0.0217942,1710443,5090.537
7.92919e+06,449.5844,0.0222121,1724959,5122.971
7.92919e+06,453.5840,0.0226213,1739216,5154.541
7.92919e+06,457.5837,0.0230226,1753239,5185.324
7.92919e+06,461.5834,0.0234167,1767055,5215.385
7.92919e+06,465.5830,0.0238041,1780683,5244.783
7.92919e+06,469.5827,0.0241854,1794143,5273.569
7.92919e+06,473.5824,0.024561,1807449,5301.785
7.92919e+06,477.5820,0.0249313,1820617,5329.473
7.92919e+06,481.5817,0.0252966,1833658,5356.667
7.92919e+06,485.5814,0.0256574,1846585,5383.398
7.92919e+06,489.5810,0.0260138,1859406,5409.695
7.92919e+06,493.5807,0.0263662,1872132,5435.583
7.92919e+06,497.5804,0.0267148,1884771,5461.085
7.92919e+06,501.5800,0.0270598,1897328,5486.222
7.92919e+06,505.5797,0.0274014,1909813,5511.013
9.1088e+06,393.1600,0.0100174,1351161,4174.284
9.1088e+06,397.1597,0.0112711,1404624,4309.632
9.1088e+06,401.1593,0.0121958,1443000,4405.794
9.1088e+06,405.1590,0.0129685,1474550,4484.061
9.1088e+06,409.1587,0.0136485,1502012,4551.515
9.1088e+06,413.1583,0.0142647,1526701,4611.569
9.1088e+06,417.1580,0.0148335,1549370,4666.176
9.1088e+06,421.1577,0.0153657,1570494,4716.576
9.1088e+06,425.1573,0.0158684,1590397,4763.612
9.1088e+06,429.1570,0.0163468,1609310,4807.889
9.1088e+06,433.1567,0.0168047,1627403,4849.855
9.1088e+06,437.1563,0.0172451,1644808,4889.854
9.1088e+06,441.1560,0.0176704,1661627,4928.154
9.1088e+06,445.1557,0.0180823,1677942,4964.97
9.1088e+06,449.1553,0.0184826,1693819,5000.478
9.1088e+06,453.1550,0.0188723,1709313,5034.822
9.1088e+06,457.1547,0.0192526,1724469,5068.122
9.1088e+06,461.1543,0.0196244,1739327,5100.481
9.1088e+06,465.1540,0.0199884,1753917,5131.984
9.1088e+06,469.1537,0.0203454,1768270,5162.707
9.1088e+06,473.1533,0.0206959,1782407,5192.714
9.1088e+06,477.1530,0.0210404,1796351,5222.061
9.1088e+06,481.1527,0.0213793,1810120,5250.798
9.1088e+06,485.1523,0.0217132,1823730,5278.967
9.1088e+06,489.1520,0.0220422,1837196,5306.609
9.1088e+06,493.1517,0.0223668,1850529,5333.757
9.1088e+06,497.1513,0.0226872,1863742,5360.442
9.1088e+06,501.1510,0.0230037,1876845,5386.692
9.1088e+06,505.1507,0.0233165,1889847,5412.533
9.1088e+06,509.1503,0.0236259,1902755,5437.987
9.1088e+06,513.1500,0.023932,1915579,5463.074
