# Ammonia saturation properties from CoolProp (IIR reference state). Columns: T (K), p (Pa), v_f, v_g (m3/kg),
# h_f, h_g (J/kg), s_f, s_g (J/(kg K)).
T_K,p_Pa,v_f,v_g,h_f,h_g,s_f,s_g
223.15,40776,0.00142503,2.63045,-25294.47,1391982,92.03595,6443.264
225.15,45850.3,0.00142986,2.3574,-16478.5,1395285,131.3345,6401.658
227.15,51434.2,0.00143474,2.11739,-7646.81,1398553,170.3517,6360.972
229.15,57566,0.00143968,1.9059,1200.587,1401784,209.0921,6321.175
231.15,64285.2,0.00144468,1.71911,10063.67,1404979,247.5603,6282.237
233.15,71633.3,0.00144973,1.55376,18942.43,1408136,285.7604,6244.129
235.15,79653.4,0.00145484,1.40707,27836.86,1411254,323.6969,6206.823
237.15,88390.3,0.00146002,1.27665,36746.98,1414332,361.3739,6170.293
239.15,97890.5,0.00146525,1.16045,45672.83,1417369,398.7957,6134.512
241.15,108202,0.00147056,1.05671,54614.45,1420365,435.9663,6099.456
243.15,119376,0.00147593,0.963905,63571.94,1423318,472.89,6065.1
245.15,131462,0.00148136,0.88073,72545.4,1426227,509.5709,6031.42
247.15,144514,0.00148687,0.806042,81535,1429091,546.0131,5998.395
249.15,158588,0.00149245,0.738852,90540.9,1431910,582.221,5966.002
251.15,173739,0.00149811,0.6783,99563.33,1434682,618.1986,5934.22
253.15,190026,0.00150384,0.623635,108602.5,1437407,653.9503,5903.028
255.15,207508,0.00150965,0.5742,117658.8,1440082,689.4804,5872.405
257.15,226247,0.00151553,0.529422,126732.5,1442708,724.7931,5842.333
259.15,246306,0.00152151,0.488797,135823.9,1445282,759.8928,5812.791
261.15,267748,0.00152756,0.451881,144933.5,1447805,794.7839,5783.762
263.15,290640,0.00153371,0.418285,154061.6,1450274,829.4709,5755.226
265.15,315048,0.00153994,0.387664,163208.9,1452688,863.9581,5727.166
267.15,341042,0.00154627,0.359715,172375.8,1455047,898.2501,5699.564
269.15,368692,0.00155269,0.334168,181562.9,1457348,932.3514,5672.404
271.15,398070,0.00155921,0.310784,190770.7,1459591,966.2665,5645.669
273.15,429248,0.00156583,0.289351,200000,1461773,1000,5619.342
275.15,462300,0.00157256,0.269681,209251.4,1463894,1033.557,5593.407
277.15,497303,0.00157939,0.251604,218525.6,1465952,1066.941,5567.848
279.15,534334,0.00158633,0.234973,227823.4,1467945,1100.157,5542.65
281.15,573469,0.00159338,0.219651,237145.5,1469872,1133.211,5517.797
283.15,614790,0.00160055,0.205519,246493,1471731,1166.107,5493.275
285.15,658377,0.00160784,0.192469,255866.5,1473520,1198.849,5469.068
287.15,704311,0.00161526,0.180405,265267.1,1475237,1231.442,5445.163
289.15,752677,0.00162281,0.169239,274695.8,1476881,1263.892,5421.544
291.15,803558,0.00163049,0.158894,284153.5,1478450,1296.202,5398.198
293.15,857040,0.0016383,0.149299,293641.3,1479941,1328.379,5375.111
295.15,913209,0.00164626,0.140391,303160.3,1481352,1360.427,5352.268
297.15,972154,0.00165437,0.132111,312711.7,1482682,1392.35,5329.657
299.15,1.03396e+06,0.00166264,0.124407,322296.7,1483928,1424.155,5307.263
301.15,1.09873e+06,0.00167106,0.117234,331916.6,1485089,1455.845,5285.073
303.15,1.16654e+06,0.00167964,0.110546,341572.7,1486160,1487.427,5263.074
305.15,1.23748e+06,0.0016884,0.104307,351266.3,1487141,1518.906,5241.253
307.15,1.31166e+06,0.00169734,0.0984807,360998.9,1488027,1550.286,5219.596
309.15,1.38917e+06,0.00170646,0.0930344,370772.1,1488818,1581.574,5198.09
311.15,1.47009e+06,0.00171578,0.0879392,380587.3,1489510,1612.774,5176.723
313.15,1.55453e+06,0.0017253,0.0831683,390446.3,1490100,1643.893,5155.481
315.15,1.64259e+06,0.00173503,0.0786973,400350.8,1490585,1674.936,5134.35
317.15,1.73436e+06,0.00174497,0.0745039,410302.5,1490962,1705.908,5113.318
319.15,1.82995e+06,0.00175515,0.0705676,420303.5,1491229,1736.817,5092.371
321.15,1.92945e+06,0.00176557,0.0668697,430355.6,1491380,1767.669,5071.497
323.15,2.03297e+06,0.00177624,0.063393,440461.1,1491413,1798.468,5050.68
325.15,2.14061e+06,0.00178717,0.0601217,450622.2,1491325,1829.223,5029.908
327.15,2.25248e+06,0.00179838,0.0570413,460841.1,1491110,1859.941,5009.166
329.15,2.36868e+06,0.00180987,0.0541386,471120.5,1490766,1890.627,4988.441
331.15,2.48931e+06,0.00182168,0.0514013,481463,1490287,1921.29,4967.716
333.15,2.61449e+06,0.0018338,0.0488179,491871.4,1489669,1951.938,4946.978
335.15,2.74433e+06,0.00184626,0.0463781,502348.7,1488907,1982.578,4926.211
337.15,2.87894e+06,0.00185908,0.0440723,512898.2,1487996,2013.219,4905.398
339.15,3.01842e+06,0.00187228,0.0418915,523523.3,1486930,2043.871,4884.522
341.15,3.1629e+06,0.00188588,0.0398275,534227.7,1485703,2074.543,4863.567
343.15,3.31249e+06,0.0018999,0.0378727,545015.5,1484309,2105.244,4842.513
345.15,3.46731e+06,0.00191438,0.03602,555890.8,1482741,2135.987,4821.342
347.15,3.62748e+06,0.00192933,0.0342627,566858.5,1480991,2166.783,4800.033
349.15,3.79312e+06,0.0019448,0.0325949,577923.7,1479052,2197.644,4778.564
351.15,3.96435e+06,0.00196082,0.0310108,589091.8,1476914,2228.584,4756.912
353.15,4.14129e+06,0.00197743,0.0295052,600368.9,1474569,2259.618,4735.052
355.15,4.32409e+06,0.00199467,0.028073,611761.9,1472005,2290.763,4712.958
357.15,4.51286e+06,0.00201259,0.0267099,623278,1469211,2322.036,4690.6
359.15,4.70775e+06,0.00203125,0.0254113,634925.4,1466175,2353.456,4667.948
361.15,4.90889e+06,0.00205071,0.0241733,646713.4,1462883,2385.047,4644.965
363.15,5.11642e+06,0.00207104,0.0229922,658652,1459319,2416.832,4621.615
365.15,5.33048e+06,0.00209233,0.0218644,670752.9,1455466,2448.839,4597.855
367.15,5.55122e+06,0.00211466,0.0207865,683029,1451305,2481.098,4573.638
369.15,5.77881e+06,0.00213815,0.0197554,695495.1,1446813,2513.645,4548.91
371.15,6.01339e+06,0.00216291,0.018768,708168.2,1441966,2546.52,4523.613
373.15,6.25512e+06,0.0021891,0.0178215,721067.9,1436735,2579.769,4497.677
375.15,6.50419e+06,0.00221688,0.0169132,734217.1,1431087,2613.446,4471.023
377.15,6.76077e+06,0.00224647,0.0160404,747642.4,1424982,2647.615,4443.556
379.15,7.02505e+06,0.00227812,0.0152005,761375.7,1418373,2682.351,4415.167
381.15,7.29722e+06,0.00231213,0.0143909,775454.9,1411205,2717.744,4385.722
383.15,7.57749e+06,0.00234887,0.013609,789926.4,1403409,2753.903,4355.057
385.15,7.86608e+06,0.00238883,0.0128522,804847.2,1394899,2790.964,4322.968
387.15,8.16324e+06,0.00243262,0.0121175,820288.9,1385567,2829.097,4289.198
389.15,8.46921e+06,0.00248104,0.011402,836343.6,1375274,2868.522,4253.413
391.15,8.7843e+06,0.00253517,0.0107021,853132.8,1363833,2909.529,4215.167
393.15,9.1088e+06,0.00259654,0.0100135,870823.2,1350988,2952.517,4173.844
