# n-Propane superheated vapour from CoolProp (IIR reference state): 40 isobars, each from saturation to +120 K.
# Columns: p (Pa), T (K), v (m3/kg), h (J/kg), s (J/(kg K)).
p_Pa,T_K,v,h,s
70568.5,223.1600,0.579081,516491.6,2473.465
70568.5,227.1597,0.59047,522104.2,2498.393
70568.5,231.1593,0.601815,527766.8,2523.103
70568.5,235.1590,0.613119,533480.8,2547.61
70568.5,239.1587,0.624386,539247.7,2571.927
70568.5,243.1583,0.635619,545068.7,2596.065
70568.5,247.1580,0.64682,550945.3,2620.036
70568.5,251.1577,0.657992,556878.8,2643.85
70568.5,255.1573,0.669138,562870.4,2667.518
70568.5,259.1570,0.680259,568921.2,2691.048
70568.5,263.1567,0.691357,575032.3,2714.448
70568.5,267.1563,0.702434,581204.9,2737.727
70568.5,271.1560,0.713491,587439.9,2760.892
70568.5,275.1557,0.72453,593738.2,2783.95
70568.5,279.1553,0.735552,600100.7,2806.907
70568.5,283.1550,0.746558,606528.2,2829.768
70568.5,287.1547,0.757549,613021.4,2852.539
70568.5,291.1543,0.768527,619581,2875.224
70568.5,295.1540,0.779491,626207.7,2897.829
70568.5,299.1537,0.790443,632902,2920.357
70568.5,303.1533,0.801384,639664.5,2942.812
70568.5,307.1530,0.812314,646495.6,2965.198
70568.5,311.1527,0.823234,653395.8,2987.518
70568.5,315.1523,0.834144,660365.5,3009.775
70568.5,319.1520,0.845045,667405,3031.971
70568.5,323.1517,0.855938,674514.7,3054.109
70568.5,327.1513,0.866823,681694.9,3076.192
70568.5,331.1510,0.8777,688945.8,3098.221
70568.5,335.1507,0.88857,696267.5,3120.198
70568.5,339.1503,0.899433,703660.4,3142.126
70568.5,343.1500,0.91029,711124.4,3164.005
78143.8,225.3209,0.526821,519090.2,2466.402
78143.8,229.3205,0.537155,524748.7,2491.295
78143.8,233.3202,0.547447,530456.8,2515.971
78143.8,237.3199,0.557699,536215.8,2540.444
78143.8,241.3195,0.567916,542027.3,2564.728
78143.8,245.3192,0.578099,547892.7,2588.834
78143.8,249.3189,0.588251,553813.5,2612.774
78143.8,253.3185,0.598376,559791,2636.559
78143.8,257.3182,0.608475,565826.4,2660.198
78143.8,261.3179,0.618549,571920.9,2683.7
78143.8,265.3175,0.628602,578075.7,2707.074
78143.8,269.3172,0.638634,584291.9,2730.328
78143.8,273.3169,0.648647,590570.4,2753.469
78143.8,277.3165,0.658642,596912.1,2776.504
78143.8,281.3162,0.66862,603318.1,2799.438
78143.8,285.3159,0.678583,609788.9,2822.278
78143.8,289.3155,0.688532,616325.5,2845.029
78143.8,293.3152,0.698467,622928.5,2867.695
78143.8,297.3149,0.70839,629598.4,2890.281
78143.8,301.3145,0.7183,636336,2912.791
78143.8,305.3142,0.7282,643141.7,2935.229
78143.8,309.3139,0.738089,650015.9,2957.598
78143.8,313.3135,0.747968,656959.3,2979.901
78143.8,317.3132,0.757838,663972,3002.142
78143.8,321.3129,0.767699,671054.6,3024.322
78143.8,325.3125,0.777552,678207.2,3046.445
78143.8,329.3122,0.787397,685430.2,3068.513
78143.8,333.3119,0.797235,692723.8,3090.528
78143.8,337.3115,0.807066,700088.3,3112.491
78143.8,341.3112,0.81689,707523.7,3134.404
78143.8,345.3109,0.826708,715030.3,3156.269
86532.2,227.5296,0.479252,521743.9,2459.515
86532.2,231.5293,0.488634,527450.3,2484.376
86532.2,235.5289,0.497973,533205.6,2509.022
86532.2,239.5286,0.507274,539011.5,2533.465
86532.2,243.5283,0.516541,544869.4,2557.719
86532.2,247.5279,0.525775,550781,2581.796
86532.2,251.5276,0.53498,556747.7,2605.708
86532.2,255.5273,0.544157,562770.8,2629.465
86532.2,259.5269,0.553309,568851.6,2653.078
86532.2,263.5266,0.562438,574991.5,2676.555
86532.2,267.5263,0.571546,581191.5,2699.905
86532.2,271.5259,0.580633,587452.8,2723.136
86532.2,275.5256,0.589703,593776.3,2746.255
86532.2,279.5253,0.598754,600163.1,2769.268
86532.2,283.5249,0.60779,606613.9,2792.182
86532.2,287.5246,0.616811,613129.6,2815.002
86532.2,291.5243,0.625817,619710.9,2837.734
86532.2,295.5239,0.634811,626358.6,2860.382
86532.2,299.5236,0.643792,633073.2,2882.95
86532.2,303.5233,0.652762,639855.4,2905.443
86532.2,307.5229,0.661721,646705.6,2927.864
86532.2,311.5226,0.67067,653624.4,2950.218
86532.2,315.5223,0.679609,660612.1,2972.505
86532.2,319.5219,0.688539,667669.2,2994.731
86532.2,323.5216,0.69746,674796,3016.897
86532.2,327.5213,0.706374,681992.7,3039.005
86532.2,331.5209,0.71528,689259.8,3061.059
86532.2,335.5206,0.724178,696597.4,3083.059
86532.2,339.5203,0.73307,704005.7,3105.008
86532.2,343.5199,0.741956,711484.9,3126.908
86532.2,347.5196,0.750835,719035,3148.76
95821.1,229.7878,0.435952,524453.8,2452.805
95821.1,233.7874,0.444471,530210.1,2477.64
95821.1,237.7871,0.45295,536014.8,2502.258
95821.1,241.7868,0.461391,541869.4,2526.674
95821.1,245.7864,0.469799,547775.7,2550.902
95821.1,249.7861,0.478175,553735.2,2574.953
95821.1,253.7858,0.486523,559749.5,2598.84
95821.1,257.7854,0.494844,565820,2622.573
95821.1,261.7851,0.503141,571948.1,2646.162
95821.1,265.7848,0.511415,578135,2669.617
95821.1,269.7844,0.519669,584381.9,2692.945
95821.1,273.7841,0.527903,590689.9,2716.155
95821.1,277.7838,0.536119,597060.1,2739.253
95821.1,281.7834,0.544318,603493.3,2762.247
95821.1,285.7831,0.552502,609990.6,2785.142
95821.1,289.7828,0.560671,616552.6,2807.945
95821.1,293.7824,0.568827,623180.2,2830.659
95821.1,297.7821,0.576969,629874.1,2853.29
95821.1,301.7818,0.5851,636634.8,2875.842
95821.1,305.7814,0.59322,643463,2898.319
95821.1,309.7811,0.601329,650359.1,2920.726
95821.1,313.7808,0.609428,657323.7,2943.064
95821.1,317.7804,0.617518,664357.2,2965.337
95821.1,321.7801,0.625599,671459.9,2987.548
95821.1,325.7798,0.633671,678632.2,3009.7
95821.1,329.7794,0.641736,685874.4,3031.795
95821.1,333.7791,0.649793,693186.8,3053.835
95821.1,337.7788,0.657844,700569.6,3075.822
95821.1,341.7784,0.665888,708023,3097.758
95821.1,345.7781,0.673925,715547.1,3119.645
95821.1,349.7778,0.681957,723142,3141.483
106107,232.0970,0.396535,527221,2446.276
106107,236.0967,0.404274,533029.4,2471.089
106107,240.0964,0.411974,538885.5,2495.684
106107,244.0960,0.419638,544790.9,2520.078
106107,248.0957,0.427269,550747.6,2544.282
106107,252.0954,0.43487,556757,2568.311
106107,256.0950,0.442443,562820.9,2592.176
106107,260.0947,0.44999,568940.7,2615.888
106107,264.0944,0.457514,575117.8,2639.456
106107,268.0940,0.465016,581353.5,2662.89
106107,272.0937,0.472497,587649,2686.199
106107,276.0934,0.47996,594005.4,2709.39
106107,280.0930,0.487405,600423.9,2732.47
106107,284.0927,0.494834,606905.4,2755.447
106107,288.0924,0.502248,613450.7,2778.325
106107,292.0920,0.509648,620060.6,2801.111
106107,296.0917,0.517034,626736.1,2823.81
106107,300.0914,0.524408,633477.6,2846.425
106107,304.0910,0.53177,640285.9,2868.963
106107,308.0907,0.539122,647161.6,2891.426
106107,312.0904,0.546463,654105.1,2913.818
106107,316.0900,0.553794,661116.9,2936.142
106107,320.0897,0.561117,668197.5,2958.402
106107,324.0894,0.56843,675347.3,2980.6
106107,328.0890,0.575736,682566.5,3002.739
106107,332.0887,0.583034,689855.5,3024.821
106107,336.0884,0.590325,697214.5,3046.848
106107,340.0880,0.597609,704643.7,3068.822
106107,344.0877,0.604886,712143.4,3090.745
106107,348.0874,0.612158,719713.7,3112.619
106107,352.0870,0.619424,727354.7,3134.445
117497,234.4591,0.360651,530046.5,2439.932
117497,238.4588,0.367685,535909.4,2464.726
117497,242.4585,0.374681,541819.1,2489.304
117497,246.4581,0.381642,547777.6,2513.678
117497,250.4578,0.388571,553786.7,2537.864
117497,254.4575,0.39547,559848.1,2561.874
117497,258.4571,0.402343,565963.6,2585.72
117497,262.4568,0.40919,572134.6,2609.413
117497,266.4565,0.416015,578362.6,2632.964
117497,270.4561,0.422819,584649,2656.38
117497,274.4558,0.429602,590995,2679.672
117497,278.4555,0.436368,597401.7,2702.847
117497,282.4551,0.443116,603870.2,2725.912
117497,286.4548,0.449849,610401.6,2748.873
117497,290.4545,0.456567,616996.6,2771.736
117497,294.4541,0.463271,623656.2,2794.507
117497,298.4538,0.469962,630381.1,2817.192
117497,302.4535,0.476642,637171.9,2839.794
117497,306.4531,0.483309,644029.4,2862.318
117497,310.4528,0.489967,650954.1,2884.768
117497,314.4525,0.496614,657946.5,2907.147
117497,318.4521,0.503252,665007.1,2929.459
117497,322.4518,0.509881,672136.3,2951.706
117497,326.4515,0.516501,679334.5,2973.892
117497,330.4511,0.523114,686602,2996.019
117497,334.4508,0.529719,693939.1,3018.088
117497,338.4505,0.536318,701346.1,3040.104
117497,342.4501,0.542909,708823.2,3062.066
117497,346.4498,0.549495,716370.5,3083.977
117497,350.4495,0.556074,723988.3,3105.839
117497,354.4491,0.562648,731676.6,3127.653
130110,236.8758,0.327982,532931.4,2433.773
130110,240.8754,0.334378,538851.2,2458.556
130110,244.8751,0.340737,544817,2483.119
130110,248.8748,0.347062,550830.8,2507.479
130110,252.8744,0.353356,556894.6,2531.65
130110,256.8741,0.359622,563010.2,2555.645
130110,260.8738,0.365861,569179.4,2579.476
130110,264.8734,0.372076,575403.7,2603.154
130110,268.8731,0.378269,581684.7,2626.69
130110,272.8728,0.384441,588023.8,2650.092
130110,276.8724,0.390594,594422.1,2673.37
130110,280.8721,0.396729,600881,2696.531
130110,284.8718,0.402848,607401.5,2719.582
130110,288.8714,0.408951,613984.5,2742.53
130110,292.8711,0.41504,620631.1,2765.38
130110,296.8708,0.421116,627342,2788.139
130110,300.8704,0.427179,634118.1,2810.811
130110,304.8701,0.43323,640959.9,2833.402
130110,308.8698,0.43927,647868.2,2855.914
130110,312.8694,0.4453,654843.5,2878.352
130110,316.8691,0.451321,661886.4,2900.72
130110,320.8688,0.457332,668997.2,2923.02
130110,324.8684,0.463334,676176.6,2945.256
130110,328.8681,0.469328,683424.7,2967.431
130110,332.8678,0.475315,690742,2989.546
130110,336.8674,0.481295,698128.7,3011.605
130110,340.8671,0.487267,705585.1,3033.609
130110,344.8668,0.493233,713111.4,3055.56
130110,348.8664,0.499193,720707.8,3077.46
130110,352.8661,0.505148,728374.4,3099.31
130110,356.8658,0.511096,736111.3,3121.113
144077,239.3488,0.298239,535876.6,2427.804
144077,243.3485,0.304058,541855.9,2452.579
144077,247.3482,0.309841,547880.3,2477.134
144077,251.3478,0.31559,553951.9,2501.484
144077,255.3475,0.32131,560072.7,2525.644
144077,259.3472,0.327002,566244.9,2549.628
144077,263.3468,0.332669,572470,2573.448
144077,267.3465,0.338312,578749.9,2597.115
144077,271.3462,0.343933,585086.1,2620.639
144077,275.3458,0.349534,591479.9,2644.03
144077,279.3455,0.355117,597932.7,2667.297
144077,283.3452,0.360682,604445.7,2690.447
144077,287.3448,0.366232,611020.1,2713.487
144077,291.3445,0.371766,617656.8,2736.424
144077,295.3442,0.377287,624356.8,2759.264
144077,299.3438,0.382794,631120.9,2782.012
144077,303.3435,0.38829,637949.8,2804.674
144077,307.3432,0.393774,644844.4,2827.254
144077,311.3428,0.399247,651805.2,2849.756
144077,315.3425,0.40471,658832.9,2872.184
144077,319.3422,0.410164,665927.9,2894.542
144077,323.3418,0.415608,673090.7,2916.832
144077,327.3415,0.421045,680321.7,2939.058
144077,331.3412,0.426473,687621.3,2961.223
144077,335.3408,0.431894,694989.9,2983.328
144077,339.3405,0.437308,702427.8,3005.376
144077,343.3402,0.442716,709935,3027.37
144077,347.3398,0.448116,717512,3049.311
144077,351.3395,0.453511,725158.9,3071.2
144077,355.3392,0.458901,732875.7,3093.04
144077,359.3388,0.464285,740662.7,3114.832
159543,241.8802,0.271157,538882.8,2422.027
159543,245.8799,0.276454,544924.5,2446.8
159543,249.8796,0.281716,551010.2,2471.352
159543,253.8792,0.286945,557142.2,2495.697
159543,257.8789,0.292146,563322.8,2519.851
159543,261.8786,0.297319,569553.9,2543.829
159543,265.8782,0.302468,575837.4,2567.641
159543,269.8779,0.307593,582175.2,2591.3
159543,273.8776,0.312698,588568.7,2614.817
159543,277.8772,0.317783,595019.6,2638.2
159543,281.8769,0.322851,601529,2661.458
159543,285.8766,0.327901,608098.3,2684.6
159543,289.8762,0.332936,614728.6,2707.632
159543,293.8759,0.337956,621421,2730.561
159543,297.8756,0.342963,628176.3,2753.392
159543,301.8752,0.347957,634995.5,2776.133
159543,305.8749,0.352939,641879.3,2798.786
159543,309.8746,0.35791,648828.5,2821.358
159543,313.8742,0.362871,655843.7,2843.851
159543,317.8739,0.367822,662925.4,2866.271
159543,321.8736,0.372763,670074.2,2888.62
159543,325.8732,0.377696,677290.7,2910.902
159543,329.8729,0.382621,684575.1,2933.119
159543,333.8726,0.387538,691927.9,2955.274
159543,337.8722,0.392448,699349.4,2977.371
159543,341.8719,0.397351,706839.9,2999.41
159543,345.8716,0.402247,714399.6,3021.394
159543,349.8712,0.407138,722028.8,3043.325
159543,353.8709,0.412022,729727.6,3065.205
159543,357.8706,0.416901,737496.2,3087.035
159543,361.8702,0.421775,745334.6,3108.816
176669,244.4720,0.246498,541950.8,2416.443
176669,248.4716,0.251323,548058,2441.221
176669,252.4713,0.256113,554207.9,2465.775
176669,256.4710,0.260872,560403.2,2490.121
176669,260.4706,0.265603,566646.1,2514.274
176669,264.4703,0.270307,572938.8,2538.25
176669,268.4700,0.274987,579283.3,2562.059
176669,272.4696,0.279645,585681.5,2585.715
176669,276.4693,0.284283,592134.9,2609.228
176669,280.4690,0.288901,598645,2632.606
176669,284.4686,0.293502,605213.4,2655.86
176669,288.4683,0.298087,611841.2,2678.996
176669,292.4680,0.302657,618529.7,2702.023
176669,296.4676,0.307212,625279.8,2724.946
176669,300.4673,0.311754,632092.6,2747.772
176669,304.4670,0.316284,638968.9,2770.506
176669,308.4666,0.320803,645909.5,2793.153
176669,312.4663,0.32531,652915.2,2815.719
176669,316.4660,0.329807,659986.6,2838.206
176669,320.4656,0.334295,667124.3,2860.618
176669,324.4653,0.338774,674328.8,2882.96
176669,328.4650,0.343245,681600.6,2905.235
176669,332.4646,0.347707,688940.2,2927.445
176669,336.4643,0.352162,696347.8,2949.593
176669,340.4640,0.35661,703823.9,2971.681
176669,344.4636,0.361051,711368.8,2993.712
176669,348.4633,0.365486,718982.6,3015.688
176669,352.4630,0.369915,726665.5,3037.61
176669,356.4626,0.374338,734417.9,3059.481
176669,360.4623,0.378756,742239.7,3081.302
176669,364.4620,0.383169,750131.1,3103.073
195634,247.1261,0.224044,545081.2,2411.054
195634,251.1258,0.228441,551257,2435.844
195634,255.1254,0.232805,557474.3,2460.406
195634,259.1251,0.237138,563735.9,2484.759
195634,263.1248,0.241444,570044.1,2508.917
195634,267.1244,0.245724,576401.3,2532.895
195634,271.1241,0.249981,582809.5,2556.707
195634,275.1238,0.254216,589270.7,2580.363
195634,279.1234,0.258431,595786.5,2603.876
195634,283.1231,0.262628,602358.5,2627.254
195634,287.1228,0.266807,608988.2,2650.506
195634,291.1224,0.270971,615676.9,2673.641
195634,295.1221,0.27512,622425.8,2696.665
195634,299.1218,0.279255,629235.9,2719.585
195634,303.1214,0.283377,636108.3,2742.408
195634,307.1211,0.287487,643043.9,2765.139
195634,311.1208,0.291586,650043.4,2787.782
195634,315.1204,0.295675,657107.7,2810.343
195634,319.1201,0.299753,664237.3,2832.826
195634,323.1198,0.303823,671432.9,2855.233
195634,327.1194,0.307883,678695,2877.57
195634,331.1191,0.311936,686024.1,2899.839
195634,335.1188,0.31598,693420.6,2922.043
195634,339.1184,0.320018,700884.9,2944.184
195634,343.1181,0.324048,708417.3,2966.266
195634,347.1178,0.328072,716018.2,2988.29
195634,351.1174,0.33209,723687.8,3010.259
195634,355.1171,0.336102,731426.2,3032.173
195634,359.1168,0.340108,739233.7,3054.036
195634,363.1164,0.344109,747110.4,3075.848
195634,367.1161,0.348106,755056.4,3097.611
216635,249.8448,0.203596,548274.4,2405.861
216635,253.8445,0.207607,554522.4,2430.671
216635,257.8441,0.211585,560810.5,2455.249
216635,261.8438,0.215533,567141.6,2479.614
216635,265.8435,0.219455,573518.2,2503.782
216635,269.8431,0.223351,579942.9,2527.769
216635,273.8428,0.227224,586417.7,2551.588
216635,277.8425,0.231077,592944.7,2575.25
216635,281.8421,0.23491,599525.6,2598.767
216635,285.8418,0.238725,606162.1,2622.148
216635,289.8415,0.242523,612855.8,2645.403
216635,293.8411,0.246306,619607.8,2668.539
216635,297.8408,0.250075,626419.6,2691.564
216635,301.8405,0.25383,633292.1,2714.485
216635,305.8401,0.257572,640226.5,2737.307
216635,309.8398,0.261303,647223.6,2760.037
216635,313.8395,0.265023,654284.2,2782.679
216635,317.8391,0.268733,661409.1,2805.238
216635,321.8388,0.272433,668599,2827.718
216635,325.8385,0.276124,675854.6,2850.122
216635,329.8381,0.279806,683176.2,2872.456
216635,333.8378,0.283481,690564.6,2894.721
216635,337.8375,0.287148,698019.9,2916.92
216635,341.8371,0.290808,705542.8,2939.057
216635,345.8368,0.294461,713133.4,2961.133
216635,349.8365,0.298108,720792.1,2983.151
216635,353.8361,0.301749,728519.2,3005.113
216635,357.8358,0.305384,736314.8,3027.021
216635,361.8355,0.309014,744179.2,3048.877
216635,365.8351,0.312638,752112.4,3070.681
216635,369.8348,0.316258,760114.6,3092.436
239889,252.6303,0.184975,551530.5,2400.866
239889,256.6300,0.188636,557854.5,2425.703
239889,260.6296,0.192265,564217.1,2450.304
239889,264.6293,0.195865,570621.2,2474.689
239889,268.6290,0.199438,577069.6,2498.874
239889,272.6286,0.202988,583565,2522.875
239889,276.6283,0.206515,590109.6,2546.706
239889,280.6280,0.210021,596705.4,2570.379
239889,284.6276,0.213508,603354.4,2593.904
239889,288.6273,0.216978,610058.2,2617.293
239889,292.6270,0.220432,616818.5,2640.555
239889,296.6266,0.22387,623636.6,2663.696
239889,300.6263,0.227295,630513.8,2686.726
239889,304.6260,0.230706,637451.2,2709.65
239889,308.6256,0.234106,644449.9,2732.475
239889,312.6253,0.237493,651510.9,2755.206
239889,316.6250,0.240871,658634.9,2777.849
239889,320.6246,0.244238,665822.8,2800.409
239889,324.6243,0.247596,673075.2,2822.888
239889,328.6240,0.250945,680392.8,2845.292
239889,332.6236,0.254286,687776.2,2867.624
239889,336.6233,0.257619,695225.8,2889.886
239889,340.6230,0.260944,702742,2912.083
239889,344.6226,0.264263,710325.4,2934.216
239889,348.6223,0.267575,717976.1,2956.288
239889,352.6220,0.270881,725694.6,2978.302
239889,356.6216,0.274182,733481,3000.259
239889,360.6213,0.277476,741335.6,3022.162
239889,364.6210,0.280766,749258.6,3044.011
239889,368.6206,0.28405,757250.2,3065.809
239889,372.6203,0.28733,765310.3,3087.556
265641,255.4849,0.168016,554849.5,2396.068
265641,259.4845,0.171361,561253.7,2420.941
265641,263.4842,0.174674,567694.7,2445.573
265641,267.4839,0.177959,574175.6,2469.985
265641,271.4835,0.181218,580699.5,2494.194
265641,275.4832,0.184453,587269,2518.216
265641,279.4829,0.187666,593886.7,2542.065
265641,283.4825,0.190859,600554.6,2565.754
265641,287.4822,0.194034,607274.7,2589.294
265641,291.4819,0.197192,614048.9,2612.695
265641,295.4815,0.200334,620878.7,2635.967
265641,299.4812,0.203461,627765.6,2659.118
265641,303.4809,0.206574,634711,2682.155
265641,307.4805,0.209675,641715.9,2705.086
265641,311.4802,0.212764,648781.6,2727.917
265641,315.4799,0.215842,655908.9,2750.653
265641,319.4795,0.218909,663098.8,2773.3
265641,323.4792,0.221967,670352,2795.862
265641,327.4789,0.225015,677669.3,2818.344
265641,331.4785,0.228055,685051.2,2840.749
265641,335.4782,0.231087,692498.4,2863.081
265641,339.4779,0.234111,700011.4,2885.343
265641,343.4775,0.237128,707590.7,2907.539
265641,347.4772,0.240139,715236.6,2929.67
265641,351.4769,0.243143,722949.4,2951.74
265641,355.4765,0.246141,730729.6,2973.75
265641,359.4762,0.249133,738577.4,2995.704
265641,363.4759,0.25212,746492.9,3017.602
265641,367.4755,0.255102,754476.4,3039.446
265641,371.4752,0.258079,762528,3061.238
265641,375.4749,0.261051,770647.9,3082.979
294156,258.4110,0.152571,558231,2391.467
294156,262.4106,0.155629,564720,2416.386
294156,266.4103,0.158657,571243.7,2441.059
294156,270.4100,0.161656,577805.5,2465.506
294156,274.4096,0.164631,584408.8,2489.746
294156,278.4093,0.167582,591056.3,2513.796
294156,282.4090,0.170511,597750.6,2537.67
294156,286.4086,0.173421,604494,2561.38
294156,290.4083,0.176313,611288.6,2584.939
294156,294.4080,0.179189,618136.3,2608.358
294156,298.4076,0.182048,625038.7,2631.645
294156,302.4073,0.184894,631997.5,2654.809
294156,306.4070,0.187726,639013.9,2677.859
294156,310.4066,0.190546,646089.2,2700.8
294156,314.4063,0.193354,653224.5,2723.64
294156,318.4060,0.196151,660420.8,2746.384
294156,322.4056,0.198938,667679.1,2769.038
294156,326.4053,0.201716,675000.1,2791.605
294156,330.4050,0.204485,682384.6,2814.091
294156,334.4046,0.207245,689833.3,2836.5
294156,338.4043,0.209998,697346.7,2858.834
294156,342.4040,0.212743,704925.4,2881.098
294156,346.4036,0.215481,712569.8,2903.295
294156,350.4033,0.218213,720280.4,2925.426
294156,354.4030,0.220938,728057.5,2947.495
294156,358.4026,0.223658,735901.5,2969.503
294156,362.4023,0.226372,743812.6,2991.454
294156,366.4020,0.22908,751791,3013.349
294156,370.4016,0.231784,759837,3035.189
294156,374.4013,0.234483,767950.6,3056.976
294156,378.4010,0.237178,776132,3078.712
325733,261.4111,0.138503,561674.4,2387.062
325733,265.4107,0.141302,568253.1,2412.037
325733,269.4104,0.144071,574864.2,2436.76
325733,273.4101,0.146813,581511.4,2461.252
325733,277.4097,0.14953,588198.3,2485.532
325733,281.4094,0.152224,594927.7,2509.617
325733,285.4091,0.154897,601702.5,2533.521
325733,289.4087,0.157551,608525.2,2557.26
325733,293.4084,0.160187,615397.8,2580.844
325733,297.4081,0.162807,622322.4,2604.285
325733,301.4077,0.165411,629300.8,2627.593
325733,305.4074,0.168002,636334.5,2650.775
325733,309.4071,0.17058,643425.1,2673.841
325733,313.4067,0.173145,650573.7,2696.797
325733,317.4064,0.175699,657781.5,2719.65
325733,321.4061,0.178243,665049.6,2742.405
325733,325.4057,0.180777,672379,2765.068
325733,329.4054,0.183301,679770.5,2787.644
325733,333.4051,0.185817,687224.8,2810.137
325733,337.4047,0.188325,694742.7,2832.552
325733,341.4044,0.190825,702324.7,2854.891
325733,345.4041,0.193318,709971.5,2877.159
325733,349.4037,0.195804,717683.4,2899.357
325733,353.4034,0.198283,725461,2921.49
325733,357.4031,0.200757,733304.6,2943.56
325733,361.4027,0.203225,741214.5,2965.569
325733,365.4024,0.205687,749191,2987.518
325733,369.4021,0.208144,757234.4,3009.411
325733,373.4017,0.210597,765344.9,3031.248
325733,377.4014,0.213045,773522.5,3053.032
325733,381.4011,0.215488,781767.5,3074.764
360699,264.4877,0.125689,565178.3,2382.849
360699,268.4874,0.128254,571852.3,2407.894
360699,272.4871,0.13079,578556,2432.678
360699,276.4867,0.133298,585293.5,2457.224
360699,280.4864,0.135782,592068.6,2481.552
360699,284.4861,0.138243,598884.4,2505.68
360699,288.4857,0.140684,605743.9,2529.624
360699,292.4854,0.143106,612649.7,2553.398
360699,296.4851,0.145511,619604.2,2577.014
360699,300.4847,0.1479,626609.4,2600.483
360699,304.4844,0.150273,633667.2,2623.816
360699,308.4841,0.152634,640779.3,2647.021
360699,312.4837,0.154981,647947.1,2670.108
360699,316.4834,0.157317,655172.2,2693.082
360699,320.4831,0.159641,662455.6,2715.951
360699,324.4827,0.161955,669798.5,2738.721
360699,328.4824,0.16426,677201.9,2761.397
360699,332.4821,0.166555,684666.6,2783.985
360699,336.4817,0.168843,692193.4,2806.488
360699,340.4814,0.171122,699783.1,2828.911
360699,344.4811,0.173393,707436.4,2851.257
360699,348.4807,0.175658,715153.7,2873.531
360699,352.4804,0.177916,722935.6,2895.734
360699,356.4801,0.180168,730782.5,2917.871
360699,360.4797,0.182414,738694.9,2939.943
360699,364.4794,0.184654,746673,2961.953
360699,368.4791,0.186889,754717.3,2983.903
360699,372.4787,0.189119,762827.8,3005.795
360699,376.4784,0.191344,771004.9,3027.631
360699,380.4781,0.193565,779248.6,3049.413
360699,384.4777,0.195782,787559.3,3071.141
399418,267.6437,0.114017,568741.1,2378.826
399418,271.6434,0.11637,575516.6,2403.953
399418,275.6430,0.118694,582318.6,2428.811
399418,279.6427,0.120992,589151.7,2453.422
399418,283.6424,0.123265,596019.9,2477.809
399418,287.6420,0.125516,602926.8,2501.989
399418,291.6417,0.127747,609875.5,2525.98
399418,295.6414,0.129959,616868.8,2549.796
399418,299.6410,0.132154,623909.2,2573.45
399418,303.6407,0.134334,630998.9,2596.954
399418,307.6404,0.136499,638139.8,2620.318
399418,311.6400,0.13865,645333.9,2643.552
399418,315.6397,0.14079,652582.6,2666.664
399418,319.6394,0.142917,659887.5,2689.661
399418,323.6390,0.145034,667249.7,2712.551
399418,327.6387,0.147141,674670.5,2735.339
399418,331.6384,0.149238,682150.8,2758.032
399418,335.6380,0.151326,689691.7,2780.634
399418,339.6377,0.153407,697294,2803.15
399418,343.6374,0.155479,704958.3,2825.584
399418,347.6370,0.157544,712685.4,2847.941
399418,351.6367,0.159602,720475.9,2870.222
399418,355.6364,0.161654,728330.4,2892.433
399418,359.6360,0.1637,736249.2,2914.575
399418,363.6357,0.16574,744232.8,2936.651
399418,367.6354,0.167775,752281.5,2958.664
399418,371.6350,0.169804,760395.8,2980.617
399418,375.6347,0.171829,768575.8,3002.51
399418,379.6344,0.173849,776821.7,3024.345
399418,383.6340,0.175864,785133.8,3046.126
399418,387.6337,0.177876,793512.2,3067.852
442294,270.8817,0.103384,572360.5,2374.986
442294,274.8814,0.105546,579244.1,2400.212
442294,278.8810,0.107679,586150.7,2425.156
442294,282.8807,0.109785,593085.3,2449.845
442294,286.8804,0.111868,600052.3,2474.301
442294,290.8800,0.113929,607055.4,2498.544
442294,294.8797,0.115969,614098.2,2522.591
442294,298.8794,0.117992,621183.6,2546.457
442294,302.8790,0.119998,628314.3,2570.157
442294,306.8787,0.121988,635492.6,2593.702
442294,310.8784,0.123964,642720.8,2617.104
442294,314.8780,0.125927,650000.7,2640.371
442294,318.8777,0.127878,657334,2663.514
442294,322.8774,0.129817,664722.2,2686.539
442294,326.8770,0.131746,672166.7,2709.453
442294,330.8767,0.133665,679668.6,2732.264
442294,334.8764,0.135575,687229.2,2754.977
442294,338.8760,0.137476,694849.4,2777.598
442294,342.8757,0.139369,702530,2800.13
442294,346.8754,0.141255,710271.9,2822.578
442294,350.8750,0.143133,718075.8,2844.947
442294,354.8747,0.145005,725942.2,2867.24
442294,358.8744,0.14687,733871.9,2889.459
442294,362.8740,0.14873,741865.2,2911.609
442294,366.8737,0.150583,749922.6,2933.692
442294,370.8734,0.152432,758044.5,2955.71
442294,374.8730,0.154276,766231.2,2977.666
442294,378.8727,0.156114,774483.1,2999.562
442294,382.8724,0.157949,782800.2,3021.399
442294,386.8720,0.159779,791182.9,3043.179
442294,390.8717,0.161605,799631.3,3064.905
489773,274.2046,0.0936967,576033.3,2371.323
489773,278.2042,0.0956863,583032.7,2396.664
489773,282.2039,0.0976466,590050.9,2421.712
489773,286.2036,0.0995805,597093.5,2446.492
489773,290.2032,0.101491,604165.2,2471.029
489773,294.2029,0.103379,611270.2,2495.345
489773,298.2026,0.105248,618412.4,2519.458
489773,302.2022,0.107099,625594.9,2543.383
489773,306.2019,0.108933,632820.6,2567.136
489773,310.2016,0.110752,640092.2,2590.73
489773,314.2012,0.112557,647411.9,2614.176
489773,318.2009,0.11435,654781.7,2637.483
489773,322.2006,0.11613,662203.5,2660.662
489773,326.2002,0.117899,669678.8,2683.72
489773,330.1999,0.119658,677209.2,2706.664
489773,334.1996,0.121407,684795.9,2729.502
489773,338.1992,0.123147,692440.1,2752.239
489773,342.1989,0.124879,700142.8,2774.881
489773,346.1986,0.126603,707905.1,2797.433
489773,350.1982,0.128319,715727.6,2819.899
489773,354.1979,0.130029,723611.2,2842.283
489773,358.1976,0.131732,731556.6,2864.589
489773,362.1972,0.133428,739564.3,2886.821
489773,366.1969,0.135119,747634.9,2908.981
489773,370.1966,0.136805,755768.9,2931.072
489773,374.1962,0.138485,763966.5,2953.097
489773,378.1959,0.140161,772228.3,2975.059
489773,382.1956,0.141832,780554.5,2996.959
489773,386.1952,0.143498,788945.4,3018.799
489773,390.1949,0.14516,797401.1,3040.581
489773,394.1946,0.146819,805921.9,3062.307
542348,277.6153,0.0848711,579755.4,2367.827
542348,281.6150,0.0867048,586879.2,2393.304
542348,285.6146,0.0885091,594016.9,2418.471
542348,289.6143,0.0902871,601174.6,2443.358
542348,293.6140,0.0920414,608357.7,2467.991
542348,297.6136,0.0937742,615570.8,2492.391
542348,301.6133,0.0954875,622818.1,2516.58
542348,305.6130,0.0971829,630103.1,2540.575
542348,309.6126,0.0988622,637429.1,2564.391
542348,313.6123,0.100526,644798.7,2588.041
542348,317.6120,0.102177,652214.5,2611.538
542348,321.6116,0.103815,659678.7,2634.892
542348,325.6113,0.105441,667193.2,2658.113
542348,329.6110,0.107056,674759.8,2681.209
542348,333.6106,0.108661,682379.9,2704.188
542348,337.6103,0.110256,690055.1,2727.058
542348,341.6100,0.111843,697786.6,2749.823
542348,345.6096,0.113421,705575.4,2772.491
542348,349.6093,0.114992,713422.6,2795.066
542348,353.6090,0.116555,721329.1,2817.553
542348,357.6086,0.118112,729295.7,2839.955
542348,361.6083,0.119662,737323,2862.278
542348,365.6080,0.121207,745411.8,2884.524
542348,369.6076,0.122745,753562.6,2906.697
542348,373.6073,0.124278,761775.9,2928.799
542348,377.6070,0.125807,770052.2,2950.833
542348,381.6066,0.12733,778391.7,2972.802
542348,385.6063,0.128849,786795,2994.708
542348,389.6060,0.130364,795262.1,3016.553
542348,393.6056,0.131874,803793.4,3038.338
542348,397.6053,0.133381,812389.1,3060.066
600567,281.1169,0.0768296,583521.5,2364.486
600567,285.1166,0.0785228,590779.5,2390.122
600567,289.1163,0.0801863,598045.4,2415.429
600567,293.1159,0.0818234,605326.3,2440.44
600567,297.1156,0.0834368,612628.1,2465.182
600567,301.1153,0.0850288,619956.1,2489.681
600567,305.1149,0.0866014,627314.9,2513.959
600567,309.1146,0.0881564,634708.4,2538.033
600567,313.1143,0.0896952,642140.1,2561.921
600567,317.1139,0.0912193,649613.1,2585.636
600567,321.1136,0.0927298,657130,2609.192
600567,325.1133,0.0942278,664693.3,2632.599
600567,329.1129,0.0957142,672305.1,2655.869
600567,333.1126,0.0971899,679967.2,2679.01
600567,337.1123,0.0986556,687681.3,2702.029
600567,341.1119,0.100112,695449,2724.935
600567,345.1116,0.10156,703271.6,2747.734
600567,349.1113,0.103,711150.2,2770.432
600567,353.1109,0.104432,719086,2793.034
600567,357.1106,0.105857,727079.9,2815.545
600567,361.1103,0.107275,735132.8,2837.97
600567,365.1099,0.108687,743245.4,2860.312
600567,369.1096,0.110094,751418.5,2882.575
600567,373.1093,0.111494,759652.6,2904.763
600567,377.1089,0.11289,767948.3,2926.879
600567,381.1086,0.114281,776306,2948.925
600567,385.1083,0.115667,784726.2,2970.903
600567,389.1079,0.117048,793209.3,2992.817
600567,393.1076,0.118426,801755.5,3014.668
600567,397.1073,0.119799,810365,3036.459
600567,401.1069,0.121169,819038.2,3058.191
665035,284.7126,0.0695019,587324.9,2361.284
665035,288.7122,0.0710684,594728.4,2387.106
665035,292.7119,0.072605,602132.5,2412.575
665035,296.7116,0.0741149,609545.5,2437.729
665035,300.7112,0.0756011,616974.2,2462.599
665035,304.7109,0.0770658,624424.6,2487.211
665035,308.7106,0.0785112,631901.8,2511.59
665035,312.7102,0.0799391,639410.3,2535.756
665035,316.7099,0.0813509,646953.8,2559.726
665035,320.7096,0.0827482,654535.9,2583.516
665035,324.7092,0.0841321,662159.3,2607.139
665035,328.7089,0.0855035,669826.9,2630.608
665035,332.7086,0.0868636,677540.8,2653.934
665035,336.7082,0.0882131,685303.1,2677.125
665035,340.7079,0.0895529,693115.7,2700.191
665035,344.7076,0.0908835,700980.1,2723.139
665035,348.7072,0.0922056,708897.9,2745.977
665035,352.7069,0.0935198,716870.3,2768.709
665035,356.7066,0.0948266,724898.5,2791.342
665035,360.7062,0.0961265,732983.5,2813.882
665035,364.7059,0.0974198,741126.3,2836.332
665035,368.7056,0.0987071,749327.7,2858.697
665035,372.7052,0.0999886,757588.4,2880.981
665035,376.7049,0.101265,765909,2903.187
665035,380.7046,0.102536,774290.3,2925.318
665035,384.7042,0.103802,782732.6,2947.378
665035,388.7039,0.105063,791236.5,2969.369
665035,392.7036,0.106321,799802.3,2991.293
665035,396.7032,0.107574,808430.4,3013.153
665035,400.7029,0.108823,817121.1,3034.95
665035,404.7026,0.110069,825874.5,3056.687
736424,288.4054,0.0628238,591157.4,2358.202
736424,292.4051,0.0642766,598719,2384.241
736424,296.4047,0.0656988,606272.7,2409.898
736424,300.4044,0.067094,613827.9,2435.217
736424,304.4041,0.0684653,621392.7,2460.233
736424,308.4037,0.069815,628973.8,2484.976
736424,312.4034,0.0711454,636577.2,2509.471
736424,316.4031,0.0724584,644207.7,2533.741
736424,320.4027,0.0737554,651869.7,2557.805
736424,324.4024,0.0750379,659567,2581.68
736424,328.4021,0.0763071,667302.9,2605.381
736424,332.4017,0.0775642,675080.2,2628.92
736424,336.4014,0.0788099,682901.5,2652.309
736424,340.4011,0.0800453,690769.1,2675.558
736424,344.4007,0.081271,698684.8,2698.677
736424,348.4004,0.0824877,706650.6,2721.673
736424,352.4001,0.0836961,714668,2744.554
736424,356.3997,0.0848967,722738.5,2767.326
736424,360.3994,0.0860901,730863.1,2789.995
736424,364.3991,0.0872767,739043.2,2812.567
736424,368.3987,0.0884568,747279.7,2835.047
736424,372.3984,0.089631,755573.5,2857.439
736424,376.3981,0.0907996,763925.4,2879.746
736424,380.3977,0.0919629,772336.1,2901.974
736424,384.3974,0.0931212,780806.3,2924.124
736424,388.3971,0.0942748,789336.5,2946.2
736424,392.3967,0.0954239,797927.3,2968.205
736424,396.3964,0.0965689,806579,2990.142
736424,400.3961,0.0977098,815292,3012.012
736424,404.3957,0.098847,824066.6,3033.818
736424,408.3954,0.0999806,832903.2,3055.562
815476,292.1988,0.0567369,595008.3,2355.215
815476,296.1984,0.0580877,602743,2381.506
815476,300.1981,0.0594071,610459.2,2407.383
815476,304.1978,0.060699,618168.1,2432.893
815476,308.1974,0.0619666,625879.3,2458.077
815476,312.1971,0.0632125,633600.4,2482.968
815476,316.1968,0.064439,641338.4,2507.596
815476,320.1964,0.0656481,649098.9,2531.985
815476,324.1961,0.0668412,656886.7,2556.156
815476,328.1958,0.06802,664706.1,2580.128
815476,332.1954,0.0691855,672560.7,2603.916
815476,336.1951,0.0703389,680453.8,2627.534
815476,340.1948,0.0714812,688388.2,2650.996
815476,344.1944,0.0726133,696366.4,2674.31
815476,348.1941,0.0737358,704390.5,2697.489
815476,352.1938,0.0748495,712462.6,2720.539
815476,356.1934,0.0759549,720584.3,2743.469
815476,360.1931,0.0770528,728757.2,2766.287
815476,364.1928,0.0781435,736982.7,2788.997
815476,368.1924,0.0792275,745262.1,2811.606
815476,372.1921,0.0803052,753596.3,2834.12
815476,376.1918,0.0813771,761986.4,2856.542
815476,380.1914,0.0824435,770433.3,2878.877
815476,384.1911,0.0835047,778937.8,2901.129
815476,388.1908,0.084561,787500.5,2923.301
815476,392.1904,0.0856128,796122,2945.397
815476,396.1901,0.0866601,804803,2967.419
815476,400.1898,0.0877034,813543.9,2989.371
815476,404.1894,0.0887427,822345,3011.254
815476,408.1891,0.0897784,831206.9,3033.071
815476,412.1888,0.0908106,840129.6,3054.824
903014,296.0959,0.051188,598864.4,2352.292
903014,300.0956,0.0524477,606789.7,2378.879
903014,304.0953,0.0536748,614683.4,2405.009
903014,308.0949,0.0548738,622559.2,2430.739
903014,312.0946,0.056048,630428.3,2456.116
903014,316.0943,0.0572002,638300,2481.178
903014,320.0939,0.0583329,646182.1,2505.957
903014,324.0936,0.0594481,654081.1,2530.482
903014,328.0933,0.0605473,662002.7,2554.774
903014,332.0929,0.0616322,669951.6,2578.855
903014,336.0926,0.0627039,677932,2602.742
903014,340.0923,0.0637636,685947.4,2626.45
903014,344.0919,0.0648123,694001.1,2649.993
903014,348.0916,0.0658508,702095.8,2673.382
903014,352.0913,0.0668799,710233.8,2696.627
903014,356.0909,0.0679003,718417.5,2719.739
903014,360.0906,0.0689126,726648.6,2742.725
903014,364.0903,0.0699174,734928.9,2765.594
903014,368.0899,0.0709152,743259.9,2788.35
903014,372.0896,0.0719064,751642.9,2811.002
903014,376.0893,0.0728914,760079.2,2833.553
903014,380.0889,0.0738708,768569.8,2856.01
903014,384.0886,0.0748447,777115.7,2878.377
903014,388.0883,0.0758135,785717.8,2900.657
903014,392.0879,0.0767775,794376.8,2922.854
903014,396.0876,0.077737,803093.4,2944.973
903014,400.0873,0.0786923,811868.2,2967.015
903014,404.0869,0.0796436,820701.7,2988.984
903014,408.0866,0.080591,829594.4,3010.883
903014,412.0863,0.0815348,838546.7,3032.713
903014,416.0859,0.0824752,847558.9,3054.477
999949,300.1003,0.0461285,602709,2349.393
999949,304.1000,0.047307,610845.7,2376.327
999949,308.0996,0.0484517,618934.5,2402.753
999949,312.0993,0.0495672,626992.2,2428.738
999949,316.0990,0.0506574,635032.5,2454.336
999949,320.0986,0.0517252,643066.5,2479.593
999949,324.0983,0.0527733,651103.3,2504.545
999949,328.0980,0.0538036,659150.7,2529.222
999949,332.0976,0.054818,667214.9,2553.653
999949,336.0973,0.055818,675301.5,2577.857
999949,340.0970,0.0568049,683415.3,2601.856
999949,344.0966,0.0577798,691560.2,2625.665
999949,348.0963,0.0587438,699739.9,2649.299
999949,352.0960,0.0596976,707957.4,2672.771
999949,356.0956,0.0606422,716215.5,2696.093
999949,360.0953,0.0615782,724516.4,2719.274
999949,364.0950,0.0625062,732862.3,2742.323
999949,368.0946,0.0634267,741255.2,2765.248
999949,372.0943,0.0643404,749696.7,2788.058
999949,376.0940,0.0652475,758188.2,2810.757
999949,380.0936,0.0661487,766731.2,2833.351
999949,384.0933,0.0670442,775326.7,2855.848
999949,388.0930,0.0679344,783976,2878.25
999949,392.0926,0.0688196,792679.8,2900.562
999949,396.0923,0.0697001,801439.1,2922.788
999949,400.0920,0.0705762,810254.7,2944.933
999949,404.0916,0.0714481,819127.1,2966.999
999949,408.0913,0.0723161,828056.9,2988.988
999949,412.0910,0.0731803,837044.7,3010.905
999949,416.0906,0.0740411,846091,3032.751
999949,420.0903,0.0748984,855196,3054.529
1.10729e+06,304.2153,0.0415138,606521.4,2346.469
1.10729e+06,308.2150,0.0426207,614894.3,2373.813
1.10729e+06,312.2146,0.0436919,623198.7,2400.583
1.10729e+06,316.2143,0.0447328,631455.9,2426.863
1.10729e+06,320.2140,0.0457475,639682.7,2452.716
1.10729e+06,324.2136,0.0467394,647892.4,2478.196
1.10729e+06,328.2133,0.0477112,656096,2503.344
1.10729e+06,332.2130,0.048665,664302.4,2528.196
1.10729e+06,336.2126,0.0496027,672519.2,2552.782
1.10729e+06,340.2123,0.050526,680752.6,2577.126
1.10729e+06,344.2120,0.0514362,689008.2,2601.25
1.10729e+06,348.2116,0.0523344,697290.5,2625.173
1.10729e+06,352.2113,0.0532217,705603.6,2648.911
1.10729e+06,356.2110,0.054099,713950.9,2672.477
1.10729e+06,360.2106,0.054967,722335.3,2695.883
1.10729e+06,364.2103,0.0558266,730759.7,2719.142
1.10729e+06,368.2100,0.0566782,739226.4,2742.262
1.10729e+06,372.2096,0.0575225,747737.5,2765.252
1.10729e+06,376.2093,0.05836,756294.8,2788.119
1.10729e+06,380.2090,0.0591911,764900,2810.872
1.10729e+06,384.2086,0.0600163,773554.5,2833.516
1.10729e+06,388.2083,0.0608359,782259.8,2856.056
1.10729e+06,392.2080,0.0616503,791016.9,2878.498
1.10729e+06,396.2076,0.0624598,799827,2900.847
1.10729e+06,400.2073,0.0632647,808690.9,2923.107
1.10729e+06,404.2070,0.0640653,817609.5,2945.281
1.10729e+06,408.2066,0.0648618,826583.5,2967.373
1.10729e+06,412.2063,0.0656544,835613.6,2989.387
1.10729e+06,416.2060,0.0664433,844700.3,3011.325
1.10729e+06,420.2056,0.0672288,853844.2,3033.189
1.10729e+06,424.2053,0.0680111,863045.7,3054.983
1.22615e+06,308.4443,0.0373035,610274.9,2343.457
1.22615e+06,312.4439,0.0383476,618914.3,2371.287
1.22615e+06,316.4436,0.0393538,627459,2398.462
1.22615e+06,320.4433,0.0403281,635936.3,2425.083
1.22615e+06,324.4429,0.0412753,644367.2,2451.231
1.22615e+06,328.4426,0.042199,652768,2476.966
1.22615e+06,332.4423,0.043102,661151.9,2502.338
1.22615e+06,336.4419,0.0439869,669529.6,2527.388
1.22615e+06,340.4416,0.0448554,677910,2552.15
1.22615e+06,344.4413,0.0457094,686300.5,2576.652
1.22615e+06,348.4409,0.0465502,694707.2,2600.918
1.22615e+06,352.4406,0.0473791,703135.6,2624.969
1.22615e+06,356.4403,0.0481971,711590.1,2648.822
1.22615e+06,360.4399,0.049005,720074.6,2672.493
1.22615e+06,364.4396,0.0498038,728592.7,2695.995
1.22615e+06,368.4393,0.0505942,737147.3,2719.341
1.22615e+06,372.4389,0.0513767,745741,2742.54
1.22615e+06,376.4386,0.0521519,754376.3,2765.602
1.22615e+06,380.4383,0.0529205,763055.3,2788.535
1.22615e+06,384.4379,0.0536827,771779.6,2811.348
1.22615e+06,388.4376,0.0544391,780551.1,2834.046
1.22615e+06,392.4373,0.05519,789371.2,2856.637
1.22615e+06,396.4369,0.0559358,798241.1,2879.124
1.22615e+06,400.4366,0.0566768,807162.1,2901.514
1.22615e+06,404.4363,0.0574132,816135.2,2923.811
1.22615e+06,408.4359,0.0581454,825161.2,2946.019
1.22615e+06,412.4356,0.0588736,834241.1,2968.142
1.22615e+06,416.4353,0.0595979,843375.6,2990.183
1.22615e+06,420.4349,0.0603187,852565.3,3012.145
1.22615e+06,424.4346,0.0610362,861810.8,3034.031
1.22615e+06,428.4343,0.0617504,871112.5,3055.844
1.35778e+06,312.7906,0.0334602,613935.9,2340.277
1.35778e+06,316.7902,0.0344501,622879.1,2368.688
1.35778e+06,320.7899,0.0353992,631693.9,2396.339
1.35778e+06,324.7896,0.0363146,640415.9,2423.36
1.35778e+06,328.7892,0.0372016,649071.4,2449.848
1.35778e+06,332.7889,0.0380641,657681.1,2475.876
1.35778e+06,336.7886,0.0389054,666260.9,2501.504
1.35778e+06,340.7882,0.0397281,674823.8,2526.779
1.35778e+06,344.7879,0.0405343,683380.3,2551.741
1.35778e+06,348.7876,0.0413258,691939.1,2576.421
1.35778e+06,352.7872,0.0421039,700507.5,2600.848
1.35778e+06,356.7869,0.0428701,709091.4,2625.042
1.35778e+06,360.7866,0.0436253,717696.2,2649.026
1.35778e+06,364.7862,0.0443706,726326.3,2672.814
1.35778e+06,368.7859,0.0451067,734985.7,2696.423
1.35778e+06,372.7856,0.0458344,743677.8,2719.866
1.35778e+06,376.7852,0.0465543,752405.6,2743.153
1.35778e+06,380.7849,0.047267,761171.7,2766.296
1.35778e+06,384.7846,0.0479731,769978.4,2789.303
1.35778e+06,388.7842,0.048673,778828,2812.183
1.35778e+06,392.7839,0.0493671,787722,2834.943
1.35778e+06,396.7836,0.0500558,796662.4,2857.589
1.35778e+06,400.7832,0.0507394,805650.3,2880.128
1.35778e+06,404.7829,0.0514183,814687.3,2902.564
1.35778e+06,408.7826,0.0520928,823774.4,2924.903
1.35778e+06,412.7822,0.052763,832912.7,2947.149
1.35778e+06,416.7819,0.0534293,842103,2969.306
1.35778e+06,420.7816,0.0540919,851346.3,2991.378
1.35778e+06,424.7812,0.054751,860643.2,3013.368
1.35778e+06,428.7809,0.0554068,869994.4,3035.279
1.35778e+06,432.7806,0.0560594,879400.4,3057.114
1.50353e+06,317.2574,0.0299497,617461,2336.824
1.50353e+06,321.2571,0.0308939,626755.1,2365.937
1.50353e+06,325.2567,0.0317935,635876.6,2394.155
1.50353e+06,329.2564,0.0326571,644872.4,2421.644
1.50353e+06,333.2561,0.0334905,653777,2448.526
1.50353e+06,337.2557,0.0342985,662616.2,2474.892
1.50353e+06,341.2554,0.0350845,671410,2500.813
1.50353e+06,345.2551,0.0358514,680174,2526.346
1.50353e+06,349.2547,0.0366014,688920.9,2551.535
1.50353e+06,353.2544,0.0373364,697660.9,2576.417
1.50353e+06,357.2541,0.038058,706402.3,2601.024
1.50353e+06,361.2537,0.0387675,715152.5,2625.38
1.50353e+06,365.2534,0.039466,723917.4,2649.509
1.50353e+06,369.2531,0.0401545,732702.2,2673.43
1.50353e+06,373.2527,0.0408338,741511.4,2697.159
1.50353e+06,377.2524,0.0415048,750349,2720.71
1.50353e+06,381.2521,0.0421681,759218.3,2744.096
1.50353e+06,385.2517,0.0428242,768122.3,2767.329
1.50353e+06,389.2514,0.0434737,777063.7,2790.419
1.50353e+06,393.2511,0.0441171,786044.8,2813.373
1.50353e+06,397.2507,0.0447548,795067.6,2836.202
1.50353e+06,401.2504,0.0453871,804134.1,2858.91
1.50353e+06,405.2501,0.0460144,813245.7,2881.506
1.50353e+06,409.2497,0.0466371,822404.1,2903.994
1.50353e+06,413.2494,0.0472554,831610.4,2926.381
1.50353e+06,417.2491,0.0478695,840865.9,2948.67
1.50353e+06,421.2487,0.0484798,850171.5,2970.866
1.50353e+06,425.2484,0.0490865,859528.3,2992.973
1.50353e+06,429.2481,0.0496896,868937,3014.995
1.50353e+06,433.2477,0.0502896,878398.3,3036.934
1.50353e+06,437.2474,0.0508864,887912.9,3058.794
1.66492e+06,321.8479,0.0267405,620793.4,2332.962
1.66492e+06,325.8475,0.0276474,630499.3,2362.934
1.66492e+06,329.8472,0.028505,639972.8,2391.831
1.66492e+06,333.8469,0.0293234,649278.2,2419.873
1.66492e+06,337.8465,0.0301098,658461.1,2447.216
1.66492e+06,341.8462,0.0308693,667554.4,2473.974
1.66492e+06,345.8459,0.0316059,676583.3,2500.233
1.66492e+06,349.8455,0.0323227,685566.9,2526.06
1.66492e+06,353.8452,0.0330221,694520.2,2551.507
1.66492e+06,357.8449,0.0337063,703455.7,2576.618
1.66492e+06,361.8445,0.0343768,712383.3,2601.428
1.66492e+06,365.8442,0.0350351,721311.5,2625.966
1.66492e+06,369.8439,0.0356823,730247.3,2650.259
1.66492e+06,373.8435,0.0363194,739196.9,2674.327
1.66492e+06,377.8432,0.0369475,748165.4,2698.19
1.66492e+06,381.8429,0.0375671,757157.2,2721.863
1.66492e+06,385.8425,0.038179,766176.3,2745.359
1.66492e+06,389.8422,0.0387839,775226,2768.693
1.66492e+06,393.8419,0.0393822,784309.3,2791.874
1.66492e+06,397.8415,0.0399743,793428.9,2814.913
1.66492e+06,401.8412,0.0405609,802587.1,2837.818
1.66492e+06,405.8409,0.0411421,811786,2860.596
1.66492e+06,409.8405,0.0417184,821027.4,2883.255
1.66492e+06,413.8402,0.0422902,830312.9,2905.802
1.66492e+06,417.8399,0.0428575,839644,2928.241
1.66492e+06,421.8395,0.0434209,849022.1,2950.579
1.66492e+06,425.8392,0.0439804,858448.2,2972.819
1.66492e+06,429.8389,0.0445363,867923.5,2994.965
1.66492e+06,433.8385,0.0450889,877448.7,3017.023
1.66492e+06,437.8382,0.0456382,887024.9,3038.995
1.66492e+06,441.8379,0.0461845,896652.6,3060.884
1.84365e+06,326.5646,0.0238029,623857.7,2328.509
1.84365e+06,330.5643,0.0246816,634055.5,2359.548
1.84365e+06,334.5640,0.0255046,643938.9,2389.268
1.84365e+06,338.5636,0.0262845,653598.5,2417.97
1.84365e+06,342.5633,0.0270298,663095.4,2445.856
1.84365e+06,346.5630,0.0277464,672472.5,2473.071
1.84365e+06,350.5626,0.028439,681761.2,2499.72
1.84365e+06,354.5623,0.029111,690985.4,2525.884
1.84365e+06,358.5620,0.0297651,700163.7,2551.625
1.84365e+06,362.5616,0.0304035,709310.9,2576.995
1.84365e+06,366.5613,0.0310279,718439.3,2602.035
1.84365e+06,370.5610,0.0316399,727558.9,2626.779
1.84365e+06,374.5606,0.0322408,736677.9,2651.256
1.84365e+06,378.5603,0.0328315,745803.5,2675.49
1.84365e+06,382.5600,0.0334131,754941.5,2699.502
1.84365e+06,386.5596,0.0339862,764097.2,2723.31
1.84365e+06,390.5593,0.0345517,773275,2746.931
1.84365e+06,394.5590,0.03511,782478.8,2770.376
1.84365e+06,398.5586,0.0356619,791712.1,2793.66
1.84365e+06,402.5583,0.0362077,800977.7,2816.792
1.84365e+06,406.5580,0.0367478,810278.4,2839.782
1.84365e+06,410.5576,0.0372828,819616.5,2862.638
1.84365e+06,414.5573,0.0378129,828994.1,2885.369
1.84365e+06,418.5570,0.0383384,838413,2907.98
1.84365e+06,422.5566,0.0388597,847874.9,2930.479
1.84365e+06,426.5563,0.0393769,857381.3,2952.87
1.84365e+06,430.5560,0.0398904,866933.4,2975.159
1.84365e+06,434.5556,0.0404004,876532.5,2997.351
1.84365e+06,438.5553,0.040907,886179.5,3019.449
1.84365e+06,442.5550,0.0414105,895875.4,3041.457
1.84365e+06,446.5546,0.041911,905621.1,3063.38
2.04156e+06,331.4100,0.0211092,626549.9,2323.21
2.04156e+06,335.4096,0.0219698,637349.5,2355.603
2.04156e+06,339.4093,0.0227659,647719.3,2386.338
2.04156e+06,343.4090,0.0235138,657790.1,2415.837
2.04156e+06,347.4086,0.0242237,667645.3,2444.37
2.04156e+06,351.4083,0.0249028,677341.5,2472.121
2.04156e+06,355.4080,0.0255564,686919.2,2499.222
2.04156e+06,359.4076,0.0261884,696408.6,2525.773
2.04156e+06,363.4073,0.0268018,705833,2551.851
2.04156e+06,367.4070,0.027399,715210.8,2577.515
2.04156e+06,371.4066,0.027982,724556.7,2602.815
2.04156e+06,375.4063,0.0285523,733882.6,2627.791
2.04156e+06,379.4060,0.0291112,743198.3,2652.474
2.04156e+06,383.4056,0.0296599,752512.2,2676.895
2.04156e+06,387.4053,0.0301994,761831.3,2701.075
2.04156e+06,391.4050,0.0307304,771161.4,2725.035
2.04156e+06,395.4046,0.0312538,780507.8,2748.793
2.04156e+06,399.4043,0.03177,789875,2772.364
2.04156e+06,403.4040,0.0322798,799266.8,2795.761
2.04156e+06,407.4036,0.0327835,808686.6,2818.997
2.04156e+06,411.4033,0.0332816,818137.6,2842.082
2.04156e+06,415.4030,0.0337746,827622.3,2865.025
2.04156e+06,419.4026,0.0342628,837143.1,2887.835
2.04156e+06,423.4023,0.0347464,846702.1,2910.518
2.04156e+06,427.4020,0.0352258,856301.1,2933.083
2.04156e+06,431.4016,0.0357013,865941.9,2955.535
2.04156e+06,435.4013,0.0361731,875625.9,2977.879
2.04156e+06,439.4010,0.0366414,885354.4,3000.121
2.04156e+06,443.4006,0.0371064,895128.7,3022.265
2.04156e+06,447.4003,0.0375683,904949.7,3044.315
2.04156e+06,451.4000,0.0380272,914818.4,3066.274
2.26071e+06,336.3855,0.0186326,628720.9,2316.696
2.26071e+06,340.3851,0.0194872,640282.7,2350.866
2.26071e+06,344.3848,0.0202648,651243.8,2382.882
2.26071e+06,348.3845,0.0209871,661799.8,2413.358
2.26071e+06,352.3841,0.0216671,672068.2,2442.665
2.26071e+06,356.3838,0.0223137,682126,2471.047
2.26071e+06,360.3835,0.022933,692027.1,2498.675
2.26071e+06,364.3831,0.0235295,701810.5,2525.673
2.26071e+06,368.3828,0.0241065,711505.9,2552.135
2.26071e+06,372.3825,0.0246668,721135.7,2578.136
2.26071e+06,376.3821,0.0252124,730718,2603.731
2.26071e+06,380.3818,0.025745,740267.1,2628.968
2.26071e+06,384.3815,0.026266,749794.8,2653.885
2.26071e+06,388.3811,0.0267767,759310.9,2678.514
2.26071e+06,392.3808,0.0272781,768823.5,2702.882
2.26071e+06,396.3805,0.027771,778339.8,2727.011
2.26071e+06,400.3801,0.0282561,787865.6,2750.923
2.26071e+06,404.3798,0.0287342,797406.2,2774.633
2.26071e+06,408.3795,0.0292057,806966,2798.158
2.26071e+06,412.3791,0.0296713,816548.9,2821.509
2.26071e+06,416.3788,0.0301313,826158.4,2844.7
2.26071e+06,420.3785,0.0305862,835797.6,2867.739
2.26071e+06,424.3781,0.0310363,845469.1,2890.637
2.26071e+06,428.3778,0.0314819,855175.4,2913.402
2.26071e+06,432.3775,0.0319234,864918.4,2936.04
2.26071e+06,436.3771,0.0323609,874700.2,2958.559
2.26071e+06,440.3768,0.0327949,884522.3,2980.965
2.26071e+06,444.3765,0.0332253,894386.4,3003.263
2.26071e+06,448.3761,0.0336526,904293.6,3025.458
2.26071e+06,452.3758,0.0340767,914245.3,3047.554
2.26071e+06,456.3755,0.034498,924242.4,3069.556
2.50339e+06,341.4917,0.0163464,630152.7,2308.425
2.50339e+06,345.4914,0.0172108,642725.5,2345.031
2.50339e+06,349.4910,0.0179793,654424.4,2378.7
2.50339e+06,353.4907,0.0186826,665561.4,2410.387
2.50339e+06,357.4904,0.0193382,676311.1,2440.627
2.50339e+06,361.4900,0.0199569,686782.4,2469.756
2.50339e+06,365.4897,0.0205462,697048.2,2497.999
2.50339e+06,369.4894,0.0211112,707159.8,2525.515
2.50339e+06,373.4890,0.0216558,717154.8,2552.421
2.50339e+06,377.4887,0.0221829,727061.4,2578.805
2.50339e+06,381.4884,0.0226948,736901.7,2604.735
2.50339e+06,385.4880,0.0231935,746693.1,2630.268
2.50339e+06,389.4877,0.0236803,756449.7,2655.448
2.50339e+06,393.4874,0.0241566,766183.4,2680.311
2.50339e+06,397.4870,0.0246234,775903.7,2704.89
2.50339e+06,401.4867,0.0250817,785618.9,2729.209
2.50339e+06,405.4864,0.0255322,795336,2753.292
2.50339e+06,409.4860,0.0259756,805060.9,2777.158
2.50339e+06,413.4857,0.0264125,814798.9,2800.823
2.50339e+06,417.4854,0.0268434,824554.5,2824.304
2.50339e+06,421.4850,0.0272688,834331.7,2847.611
2.50339e+06,425.4847,0.027689,844133.9,2870.758
2.50339e+06,429.4844,0.0281046,853964.2,2893.754
2.50339e+06,433.4840,0.0285157,863825.4,2916.608
2.50339e+06,437.4837,0.0289227,873719.7,2939.328
2.50339e+06,441.4834,0.0293258,883649.4,2961.923
2.50339e+06,445.4830,0.0297253,893616.4,2984.397
2.50339e+06,449.4827,0.0301215,903622.4,3006.758
2.50339e+06,453.4824,0.0305144,913668.8,3029.01
2.50339e+06,457.4820,0.0309044,923757.1,3051.158
2.50339e+06,461.4817,0.0312915,933888.4,3073.208
2.77212e+06,346.7278,0.0142231,630516.8,2297.574
2.77212e+06,350.7275,0.0151193,644505.6,2337.693
2.77212e+06,354.7271,0.0158893,657148.5,2373.539
2.77212e+06,358.7268,0.0165806,668991.9,2406.742
2.77212e+06,362.7265,0.017217,680308.9,2438.116
2.77212e+06,366.7261,0.0178124,691257.6,2468.136
2.77212e+06,370.7258,0.0183757,701938.1,2497.103
2.77212e+06,374.7255,0.018913,712418.4,2525.221
2.77212e+06,378.7251,0.0194287,722746.5,2552.637
2.77212e+06,382.7248,0.019926,732958.3,2579.46
2.77212e+06,386.7245,0.0204076,743081.1,2605.772
2.77212e+06,390.7241,0.0208755,753136.2,2631.639
2.77212e+06,394.7238,0.0213314,763141,2657.115
2.77212e+06,398.7235,0.0217765,773109.3,2682.242
2.77212e+06,402.7231,0.022212,783052.7,2707.056
2.77212e+06,406.7228,0.0226388,792980.9,2731.587
2.77212e+06,410.7225,0.0230578,802902.2,2755.861
2.77212e+06,414.7221,0.0234698,812823.5,2779.9
2.77212e+06,418.7218,0.0238751,822750.9,2803.723
2.77212e+06,422.7215,0.0242746,832689.6,2827.346
2.77212e+06,426.7211,0.0246685,842644.1,2850.784
2.77212e+06,430.7208,0.0250573,852618.5,2874.049
2.77212e+06,434.7205,0.0254414,862616.3,2897.154
2.77212e+06,438.7201,0.0258211,872640.5,2920.107
2.77212e+06,442.7198,0.0261968,882693.9,2942.919
2.77212e+06,446.7195,0.0265686,892779,2965.596
2.77212e+06,450.7191,0.0269369,902897.9,2988.147
2.77212e+06,454.7188,0.0273018,913052.5,3010.577
2.77212e+06,458.7185,0.0276636,923244.7,3032.893
2.77212e+06,462.7181,0.0280225,933475.8,3055.1
2.77212e+06,466.7178,0.0283785,943747.3,3077.203
3.06969e+06,352.0907,0.0122304,629280.4,2282.799
3.06969e+06,356.0903,0.0131923,645385.8,2328.292
3.06969e+06,360.0900,0.0139769,659270,2367.069
3.06969e+06,364.0897,0.0146636,671987.7,2402.195
3.06969e+06,368.0893,0.0152861,683982.5,2434.961
3.06969e+06,372.0890,0.0158623,695487.9,2466.051
3.06969e+06,376.0887,0.0164033,706643.4,2495.872
3.06969e+06,380.0883,0.0169161,717539.9,2524.693
3.06969e+06,384.0880,0.0174061,728240.1,2552.698
3.06969e+06,388.0877,0.0178767,738789.6,2580.023
3.06969e+06,392.0873,0.018331,749222.7,2606.769
3.06969e+06,396.0870,0.0187711,759565.8,2633.015
3.06969e+06,400.0867,0.0191988,769839.8,2658.823
3.06969e+06,404.0863,0.0196156,780061.7,2684.246
3.06969e+06,408.0860,0.0200226,790245.2,2709.323
3.06969e+06,412.0857,0.0204209,800401.9,2734.091
3.06969e+06,416.0853,0.0208113,810541.5,2758.578
3.06969e+06,420.0850,0.0211945,820672.2,2782.809
3.06969e+06,424.0847,0.0215712,830800.9,2806.806
3.06969e+06,428.0843,0.021942,840933.8,2830.588
3.06969e+06,432.0840,0.0223072,851076.2,2854.17
3.06969e+06,436.0837,0.0226674,861232.5,2877.568
3.06969e+06,440.0833,0.0230229,871407,2900.793
3.06969e+06,444.0830,0.0233741,881603,2923.856
3.06969e+06,448.0827,0.0237212,891823.8,2946.769
3.06969e+06,452.0823,0.0240646,902072.1,2969.539
3.06969e+06,456.0820,0.0244044,912350.4,2992.174
3.06969e+06,460.0817,0.0247409,922660.9,3014.682
3.06969e+06,464.0813,0.0250744,933005.5,3037.069
3.06969e+06,468.0810,0.0254049,943386.1,3059.341
3.06969e+06,472.0807,0.0257327,953804.1,3081.504
3.39921e+06,357.5732,0.0103229,625443.5,2261.543
3.39921e+06,361.5728,0.0114108,645028.1,2316.026
3.39921e+06,365.5725,0.0122267,660601.1,2358.866
3.39921e+06,369.5722,0.0129167,674421.8,2396.47
3.39921e+06,373.5718,0.0135302,687236.2,2430.959
3.39921e+06,377.5715,0.014091,699396,2463.337
3.39921e+06,381.5712,0.0146127,711098.4,2494.169
3.39921e+06,385.5708,0.0151041,722466.7,2523.808
3.39921e+06,389.5705,0.015571,733583.6,2552.492
3.39921e+06,393.5702,0.0160176,744507.7,2580.391
3.39921e+06,397.5698,0.0164471,755282.3,2607.63
3.39921e+06,401.5695,0.0168619,765940.1,2634.303
3.39921e+06,405.5692,0.0172641,776506.9,2660.487
3.39921e+06,409.5688,0.017655,787003.1,2686.241
3.39921e+06,413.5685,0.018036,797445.4,2711.613
3.39921e+06,417.5682,0.0184083,807847.3,2736.644
3.39921e+06,421.5678,0.0187725,818220.5,2761.367
3.39921e+06,425.5675,0.0191296,828574.4,2785.812
3.39921e+06,429.5672,0.0194801,838917.4,2810.003
3.39921e+06,433.5668,0.0198247,849256.5,2833.96
3.39921e+06,437.5665,0.0201638,859597.8,2857.702
3.39921e+06,441.5662,0.0204979,869946.5,2881.245
3.39921e+06,445.5658,0.0208273,880307.4,2904.604
3.39921e+06,449.5655,0.0211524,890684.4,2927.789
3.39921e+06,453.5652,0.0214735,901081.2,2950.813
3.39921e+06,457.5648,0.0217909,911501,2973.686
3.39921e+06,461.5645,0.0221049,921946.6,2996.415
3.39921e+06,465.5642,0.0224155,932420.4,3019.009
3.39921e+06,469.5638,0.0227232,942924.7,3041.475
3.39921e+06,473.5635,0.0230279,953461.5,3063.82
3.39921e+06,477.5632,0.02333,964032.6,3086.048
3.7641e+06,363.1600,0.00840887,616573,2227.477
3.7641e+06,367.1597,0.00975815,642951.1,2299.757
3.7641e+06,371.1593,0.0106261,660905.7,2348.403
3.7641e+06,375.1590,0.0113273,676139.1,2389.231
3.7641e+06,379.1587,0.0119361,689951.5,2425.856
3.7641e+06,383.1583,0.0124846,702882.8,2459.784
3.7641e+06,387.1580,0.0129897,715216.1,2491.807
3.7641e+06,391.1577,0.0134618,727119.9,2522.396
3.7641e+06,395.1573,0.0139078,738704,2551.861
3.7641e+06,399.1570,0.0143325,750043.9,2580.415
3.7641e+06,403.1567,0.0147394,761194.5,2608.212
3.7641e+06,407.1563,0.0151312,772196.6,2635.367
3.7641e+06,411.1560,0.0155099,783081.7,2661.971
3.7641e+06,415.1557,0.0158772,793874.8,2688.095
3.7641e+06,419.1553,0.0162345,804595.8,2713.796
3.7641e+06,423.1550,0.0165828,815261,2739.12
3.7641e+06,427.1547,0.0169231,825884.1,2764.106
3.7641e+06,431.1543,0.0172562,836476.2,2788.788
3.7641e+06,435.1540,0.0175828,847047.2,2813.193
3.7641e+06,439.1537,0.0179034,857605,2837.344
3.7641e+06,443.1533,0.0182186,868156.9,2861.264
3.7641e+06,447.1530,0.0185288,878709,2884.968
3.7641e+06,451.1527,0.0188344,889266.5,2908.474
3.7641e+06,455.1523,0.0191357,899834.2,2931.794
3.7641e+06,459.1520,0.0194331,910416.2,2954.942
3.7641e+06,463.1517,0.0197268,921016,2977.927
3.7641e+06,467.1513,0.020017,931636.9,3000.761
3.7641e+06,471.1510,0.0203041,942281.8,3023.451
3.7641e+06,475.1507,0.0205882,952953.2,3046.004
3.7641e+06,479.1503,0.0208694,963653.3,3068.43
3.7641e+06,483.1500,0.021148,974384.1,3090.732
