# n-Propane saturation properties from CoolProp (IIR reference state). Columns: T (K), p (Pa), v_f, v_g (m3/kg),
# h_f, h_g (J/kg), s_f, s_g (J/(kg K)).
T_K,p_Pa,v_f,v_g,h_f,h_g,s_f,s_g
223.15,70568.5,0.00169521,0.579053,82752.56,516477.7,529.7542,2473.402
225.15,77558.7,0.00170176,0.530481,87190.76,518882.8,549.5015,2466.854
227.15,85081.5,0.00170839,0.48681,91646.52,521285.8,569.1475,2460.582
229.15,93164.2,0.0017151,0.447468,96120.26,523686.5,588.6957,2454.575
231.15,101835,0.00172191,0.411959,100612.4,526084.2,608.1492,2448.823
233.15,111121,0.00172881,0.37985,105123.3,528478.6,627.5112,2443.318
235.15,121053,0.0017358,0.350763,109653.4,530869.2,646.785,2438.049
237.15,131660,0.00174289,0.324368,114203.2,533255.5,665.9734,2433.008
239.15,142971,0.00175009,0.300375,118773.1,535637.1,685.0795,2428.186
241.15,155018,0.00175738,0.278529,123363.5,538013.4,704.1063,2423.575
243.15,167832,0.00176479,0.258607,127974.9,540383.9,723.0567,2419.166
245.15,181444,0.00177231,0.240409,132607.7,542748.2,741.9335,2414.952
247.15,195886,0.00177995,0.223763,137262.4,545105.7,760.7395,2410.925
249.15,211190,0.0017877,0.208512,141939.5,547455.9,779.4774,2407.077
251.15,227390,0.00179558,0.19452,146639.5,549798.2,798.1501,2403.401
253.15,244518,0.00180359,0.181665,151362.9,552132,816.7602,2399.889
255.15,262609,0.00181173,0.169839,156110.1,554456.8,835.3104,2396.536
257.15,281696,0.00182,0.158943,160881.7,556771.9,853.8034,2393.334
259.15,301813,0.00182842,0.148893,165678.3,559076.8,872.2418,2390.276
261.15,322996,0.00183699,0.13961,170500.3,561370.8,890.6281,2387.356
263.15,345280,0.00184571,0.131026,175348.4,563653.2,908.9651,2384.568
265.15,368699,0.00185458,0.123078,180223,565923.3,927.2553,2381.905
267.15,393291,0.00186363,0.115711,185124.9,568180.4,945.5013,2379.36
269.15,419090,0.00187284,0.108874,190054.6,570423.8,963.7056,2376.929
271.15,446133,0.00188223,0.102522,195012.8,572652.6,981.871,2374.605
273.15,474458,0.00189181,0.0966134,200000,574866.1,1000,2372.382
275.15,504100,0.00190158,0.0911123,205017,577063.4,1018.095,2370.254
277.15,535098,0.00191156,0.0859848,210064.5,579243.7,1036.159,2368.215
279.15,567489,0.00192174,0.0812006,215143.2,581406,1054.195,2366.259
281.15,601310,0.00193214,0.0767323,220253.9,583549.3,1072.205,2364.381
283.15,636602,0.00194278,0.0725548,225397.3,585672.6,1090.192,2362.575
285.15,673401,0.00195365,0.0686455,230574.3,587774.9,1108.159,2360.835
287.15,711747,0.00196477,0.0649837,235785.6,589854.9,1126.108,2359.155
289.15,751679,0.00197616,0.0615505,241032.3,591911.6,1144.043,2357.529
291.15,793237,0.00198782,0.0583287,246315.3,593943.7,1161.967,2355.951
293.15,836461,0.00199977,0.0553026,251635.4,595949.7,1179.883,2354.415
295.15,881391,0.00201203,0.0524577,256993.9,597928.4,1197.793,2352.916
297.15,928068,0.00202461,0.0497808,262391.7,599878.1,1215.701,2351.446
299.15,976533,0.00203752,0.04726,267830,601797.3,1233.612,2349.999
301.15,1.02683e+06,0.0020508,0.044884,273310.2,603684.3,1251.527,2348.569
303.15,1.079e+06,0.00206445,0.0426426,278833.4,605537.1,1269.451,2347.148
305.15,1.13308e+06,0.0020785,0.0405265,284401,607353.9,1287.389,2345.73
307.15,1.18912e+06,0.00209297,0.038527,290014.6,609132.4,1305.343,2344.307
309.15,1.24716e+06,0.0021079,0.0366361,295675.8,610870.3,1323.319,2342.871
311.15,1.30724e+06,0.0021233,0.0348465,301386.3,612565.3,1341.321,2341.414
313.15,1.36942e+06,0.00213922,0.0331514,307148,614214.4,1359.355,2339.928
315.15,1.43373e+06,0.00215568,0.0315443,312962.8,615814.9,1377.425,2338.402
317.15,1.50023e+06,0.00217272,0.0300196,318833.1,617363.4,1395.537,2336.828
319.15,1.56896e+06,0.0021904,0.0285717,324761.1,618856.5,1413.699,2335.195
321.15,1.63997e+06,0.00220875,0.0271957,330749.5,620290.2,1431.916,2333.491
323.15,1.7133e+06,0.00222782,0.0258867,336801.2,621660.2,1450.196,2331.703
325.15,1.78902e+06,0.00224769,0.0246406,342919.4,622961.6,1468.548,2329.819
327.15,1.86717e+06,0.00226842,0.023453,349107.7,624189.1,1486.981,2327.823
329.15,1.9478e+06,0.00229009,0.0223203,355370.1,625336.3,1505.505,2325.697
331.15,2.03098e+06,0.00231278,0.0212387,361711.1,626396.2,1524.131,2323.422
333.15,2.11675e+06,0.00233659,0.020205,368135.7,627360.7,1542.873,2320.976
335.15,2.20518e+06,0.00236166,0.0192158,374649.8,628220.5,1561.746,2318.335
337.15,2.29634e+06,0.00238811,0.0182681,381260,628964.8,1580.767,2315.469
339.15,2.39027e+06,0.0024161,0.017359,387974.2,629581.3,1599.955,2312.345
341.15,2.48706e+06,0.00244584,0.0164857,394801.3,630055.9,1619.334,2308.927
343.15,2.58676e+06,0.00247756,0.0156455,401752.1,630372,1638.931,2305.171
345.15,2.68946e+06,0.00251155,0.0148358,408839.3,630510.2,1658.78,2301.026
347.15,2.79524e+06,0.00254816,0.0140538,416078.7,630447.3,1678.921,2296.431
349.15,2.90417e+06,0.00258783,0.0132971,423489.2,630154.9,1699.403,2291.314
351.15,3.01635e+06,0.00263115,0.0125626,431095.1,629597.4,1720.289,2285.581
353.15,3.13188e+06,0.00267887,0.0118475,438927.3,628729.5,1741.658,2279.114
355.15,3.25087e+06,0.002732,0.0111481,447026.6,627491.1,1763.619,2271.755
357.15,3.37343e+06,0.00279198,0.0104606,455449.2,625799.9,1786.318,2263.29
359.15,3.49971e+06,0.00286091,0.0097795,464275.5,623538.2,1809.965,2253.408
361.15,3.62987e+06,0.00294207,0.00909764,473627.5,620527.6,1834.883,2241.639
363.15,3.7641e+06,0.00304105,0.0084037,483708.3,616474.3,1861.609,2227.205
