# R134a superheated vapour from CoolProp (IIR reference state): 40 isobars, each from saturation to +120 K.
# Columns: p (Pa), T (K), v (m3/kg), h (J/kg), s (J/(kg K)).
p_Pa,T_K,v,h,s
51209,233.1600,0.361093,374010.4,1764.37
51209,237.1597,0.367992,377011.7,1777.133
51209,241.1593,0.374838,380026.8,1789.741
51209,245.1590,0.381642,383059,1802.211
51209,249.1587,0.38841,386110.7,1814.558
51209,253.1583,0.395146,389183.7,1826.793
51209,257.1580,0.401855,392279.1,1838.925
51209,261.1577,0.40854,395397.9,1850.959
51209,265.1573,0.415203,398540.9,1862.903
51209,269.1570,0.421847,401708.7,1874.76
51209,273.1567,0.428473,404901.6,1886.536
51209,277.1563,0.435083,408120,1898.233
51209,281.1560,0.441679,411364.2,1909.854
51209,285.1557,0.448262,414634.4,1921.403
51209,289.1553,0.454832,417930.6,1932.882
51209,293.1550,0.461391,421253,1944.293
51209,297.1547,0.46794,424601.8,1955.639
51209,301.1543,0.474479,427976.9,1966.921
51209,305.1540,0.481009,431378.4,1978.142
51209,309.1537,0.487531,434806.3,1989.302
51209,313.1533,0.494046,438260.6,2000.404
51209,317.1530,0.500553,441741.3,2011.448
51209,321.1527,0.507053,445248.4,2022.437
51209,325.1523,0.513547,448781.8,2033.371
51209,329.1520,0.520035,452341.6,2044.253
51209,333.1517,0.526517,455927.7,2055.082
51209,337.1513,0.532995,459540,2065.86
51209,341.1510,0.539467,463178.4,2076.588
51209,345.1507,0.545935,466843.1,2087.267
51209,349.1503,0.552399,470533.7,2097.899
51209,353.1500,0.558858,474250.4,2108.483
57253.2,235.3087,0.325228,375372.1,1761.345
57253.2,239.3084,0.331435,378399.2,1774.101
57253.2,243.3081,0.337594,381439,1786.699
57253.2,247.3077,0.343711,384495.1,1799.157
57253.2,251.3074,0.349793,387569.9,1811.491
57253.2,255.3071,0.355845,390665.3,1823.711
57253.2,259.3067,0.361871,393782.7,1835.826
57253.2,263.3064,0.367874,396923,1847.844
57253.2,267.3061,0.373857,400087,1859.77
57253.2,271.3057,0.37982,403275.4,1871.61
57253.2,275.3054,0.385767,406488.6,1883.366
57253.2,279.3051,0.391699,409726.9,1895.044
57253.2,283.3047,0.397616,412990.6,1906.647
57253.2,287.3044,0.403521,416280.1,1918.176
57253.2,291.3041,0.409414,419595.3,1929.635
57253.2,295.3037,0.415296,422936.5,1941.027
57253.2,299.3034,0.421168,426303.7,1952.353
57253.2,303.3031,0.427031,429697,1963.615
57253.2,307.3027,0.432885,433116.5,1974.816
57253.2,311.3024,0.438731,436562.2,1985.956
57253.2,315.3021,0.44457,440034.1,1997.038
57253.2,319.3017,0.450401,443532.2,2008.062
57253.2,323.3014,0.456227,447056.5,2019.031
57253.2,327.3011,0.462046,450607,2029.946
57253.2,331.3007,0.467859,454183.7,2040.807
57253.2,335.3004,0.473667,457786.4,2051.616
57253.2,339.3001,0.47947,461415.3,2062.375
57253.2,343.2997,0.485268,465070.2,2073.084
57253.2,347.2994,0.491062,468751,2083.744
57253.2,351.2991,0.496852,472457.8,2094.356
57253.2,355.2987,0.502638,476190.5,2104.921
64010.9,237.5053,0.292907,376761.8,1758.406
64010.9,241.5049,0.298495,379815.8,1771.157
64010.9,245.5046,0.304036,382881.3,1783.746
64010.9,249.5043,0.309538,385962.2,1796.194
64010.9,253.5039,0.315007,389061,1808.515
64010.9,257.5036,0.320447,392179.7,1820.722
64010.9,261.5033,0.325861,395319.8,1832.822
64010.9,265.5029,0.331254,398482.3,1844.824
64010.9,269.5026,0.336626,401668,1856.733
64010.9,273.5023,0.341981,404877.7,1868.555
64010.9,277.5019,0.347319,408111.8,1880.294
64010.9,281.5016,0.352643,411370.7,1891.954
64010.9,285.5013,0.357953,414654.6,1903.538
64010.9,289.5009,0.363251,417963.9,1915.048
64010.9,293.5006,0.368538,421298.7,1926.488
64010.9,297.5003,0.373814,424659.2,1937.861
64010.9,301.4999,0.379081,428045.4,1949.167
64010.9,305.4996,0.384338,431457.6,1960.41
64010.9,309.4993,0.389587,434895.6,1971.591
64010.9,313.4989,0.394828,438359.6,1982.711
64010.9,317.4986,0.400063,441849.6,1993.773
64010.9,321.4983,0.40529,445365.6,2004.778
64010.9,325.4979,0.410511,448907.7,2015.727
64010.9,329.4976,0.415726,452475.7,2026.622
64010.9,333.4973,0.420936,456069.7,2037.464
64010.9,337.4969,0.42614,459689.6,2048.253
64010.9,341.4966,0.43134,463335.5,2058.992
64010.9,345.4963,0.436535,467007.2,2069.682
64010.9,349.4959,0.441725,470704.8,2080.322
64010.9,353.4956,0.446912,474428.1,2090.915
64010.9,357.4953,0.452095,478177.2,2101.462
71566.2,239.7512,0.263778,378180.1,1755.553
71566.2,243.7508,0.268812,381262.1,1768.301
71566.2,247.7505,0.2738,384354.3,1780.885
71566.2,251.7502,0.278751,387460.9,1793.323
71566.2,255.7498,0.28367,390584.6,1805.634
71566.2,259.7495,0.288561,393727.5,1817.827
71566.2,263.7492,0.293428,396891.1,1829.914
71566.2,267.7488,0.298273,400076.6,1841.901
71566.2,271.7485,0.3031,403284.8,1853.794
71566.2,275.7482,0.307909,406516.5,1865.6
71566.2,279.7478,0.312703,409772.2,1877.322
71566.2,283.7475,0.317483,413052.3,1888.964
71566.2,287.7472,0.322249,416357.1,1900.529
71566.2,291.7468,0.327004,419686.9,1912.022
71566.2,295.7465,0.331748,423041.9,1923.443
71566.2,299.7462,0.336482,426422.3,1934.796
71566.2,303.7458,0.341206,429828.2,1946.084
71566.2,307.7455,0.345922,433259.7,1957.307
71566.2,311.7452,0.350629,436716.8,1968.468
71566.2,315.7448,0.355329,440199.7,1979.57
71566.2,319.7445,0.360022,443708.4,1990.612
71566.2,323.7442,0.364709,447242.8,2001.597
71566.2,327.7438,0.369389,450803,2012.527
71566.2,331.7435,0.374064,454389.1,2023.402
71566.2,335.7432,0.378734,458000.9,2034.224
71566.2,339.7428,0.383398,461638.5,2044.995
71566.2,343.7425,0.388058,465301.9,2055.714
71566.2,347.7422,0.392713,468990.9,2066.384
71566.2,351.7418,0.397364,472705.7,2077.006
71566.2,355.7415,0.402011,476446.1,2087.58
71566.2,359.7412,0.406654,480212,2098.107
80013.3,242.0481,0.237526,379627.3,1752.787
80013.3,246.0478,0.242062,382738.4,1765.536
80013.3,250.0474,0.246555,385858.5,1778.114
80013.3,254.0471,0.251012,388991.8,1790.546
80013.3,258.0468,0.255438,392141.3,1802.847
80013.3,262.0464,0.259838,395309.3,1815.029
80013.3,266.0461,0.264214,398497.3,1827.103
80013.3,270.0458,0.26857,401706.6,1839.076
80013.3,274.0454,0.272908,404938.2,1850.955
80013.3,278.0451,0.277229,408192.7,1862.745
80013.3,282.0448,0.281535,411470.7,1874.45
80013.3,286.0444,0.285827,414772.7,1886.075
80013.3,290.0441,0.290107,418099.1,1897.624
80013.3,294.0438,0.294375,421450.1,1909.098
80013.3,298.0434,0.298633,424826,1920.501
80013.3,302.0431,0.302881,428226.9,1931.836
80013.3,306.0428,0.30712,431653,1943.105
80013.3,310.0424,0.311351,435104.5,1954.31
80013.3,314.0421,0.315574,438581.4,1965.452
80013.3,318.0418,0.31979,442083.7,1976.534
80013.3,322.0414,0.323999,445611.6,1987.557
80013.3,326.0411,0.328201,449165,1998.523
80013.3,330.0408,0.332398,452744,2009.433
80013.3,334.0404,0.336589,456348.6,2020.289
80013.3,338.0401,0.340775,459978.8,2031.092
80013.3,342.0398,0.344956,463634.6,2041.843
80013.3,346.0394,0.349132,467315.9,2052.544
80013.3,350.0391,0.353305,471022.8,2063.195
80013.3,354.0388,0.357473,474755.2,2073.797
80013.3,358.0384,0.361637,478513.1,2084.352
80013.3,362.0381,0.365797,482296.4,2094.86
89457.3,244.3979,0.213865,381103.6,1750.11
89457.3,248.3976,0.217955,384245.2,1762.86
89457.3,252.3972,0.222004,387394.3,1775.437
89457.3,256.3969,0.226018,390555.5,1787.863
89457.3,260.3966,0.230003,393731.9,1800.156
89457.3,264.3962,0.233962,396925.9,1812.329
89457.3,268.3959,0.237899,400139.3,1824.391
89457.3,272.3956,0.241816,403373.3,1836.352
89457.3,276.3952,0.245716,406628.9,1848.217
89457.3,280.3949,0.2496,409907.1,1859.992
89457.3,284.3946,0.253469,413208.2,1871.682
89457.3,288.3942,0.257325,416533,1883.291
89457.3,292.3939,0.261169,419881.6,1894.823
89457.3,296.3936,0.265002,423254.5,1906.28
89457.3,300.3932,0.268825,426652,1917.666
89457.3,304.3929,0.272638,430074.1,1928.983
89457.3,308.3926,0.276443,433521.2,1940.233
89457.3,312.3922,0.28024,436993.3,1951.419
89457.3,316.3919,0.284029,440490.5,1962.543
89457.3,320.3916,0.287811,444012.9,1973.606
89457.3,324.3912,0.291586,447560.5,1984.611
89457.3,328.3909,0.295356,451133.5,1995.558
89457.3,332.3906,0.299119,454731.9,2006.449
89457.3,336.3902,0.302878,458355.6,2017.286
89457.3,340.3899,0.306631,462004.7,2028.07
89457.3,344.3896,0.310379,465679.2,2038.802
89457.3,348.3892,0.314124,469379.1,2049.483
89457.3,352.3889,0.317863,473104.3,2060.115
89457.3,356.3886,0.321599,476854.9,2070.698
89457.3,360.3882,0.325332,480630.8,2081.234
89457.3,364.3879,0.32906,484432,2091.723
100016,246.8023,0.192538,382609.4,1747.521
100016,250.8020,0.196229,385782.8,1760.277
100016,254.8017,0.19988,388962.2,1772.854
100016,258.8013,0.203497,392152.4,1785.276
100016,262.8010,0.207086,395356.8,1797.563
100016,266.8007,0.210651,398577.9,1809.728
100016,270.8003,0.214194,401817.6,1821.78
100016,274.8000,0.217718,405077.3,1833.729
100016,278.7997,0.221226,408358,1845.582
100016,282.7993,0.224718,411660.6,1857.343
100016,286.7990,0.228196,414985.7,1869.019
100016,290.7987,0.231661,418334,1880.613
100016,294.7983,0.235115,421705.7,1892.128
100016,298.7980,0.238558,425101.3,1903.569
100016,302.7977,0.241991,428521,1914.938
100016,306.7973,0.245416,431965.1,1926.238
100016,310.7970,0.248831,435433.8,1937.471
100016,314.7967,0.252239,438927.2,1948.639
100016,318.7963,0.25564,442445.4,1959.744
100016,322.7960,0.259034,445988.5,1970.789
100016,326.7957,0.262422,449556.6,1981.775
100016,330.7953,0.265803,453149.8,1992.704
100016,334.7950,0.269179,456768.1,2003.576
100016,338.7947,0.27255,460411.5,2014.394
100016,342.7943,0.275916,464080.2,2025.159
100016,346.7940,0.279278,467773.9,2035.872
100016,350.7937,0.282635,471492.9,2046.534
100016,354.7933,0.285988,475237,2057.147
100016,358.7930,0.289337,479006.3,2067.712
100016,362.7927,0.292683,482800.7,2078.229
100016,366.7923,0.296025,486620.3,2088.699
111821,249.2633,0.173315,384144.8,1745.022
111821,253.2630,0.176647,387351.6,1757.785
111821,257.2626,0.179941,390562.6,1770.364
111821,261.2623,0.183203,393783.1,1782.786
111821,265.2620,0.186438,397016.6,1795.069
111821,269.2616,0.189649,400266,1807.227
111821,273.2613,0.192839,403533,1819.271
111821,277.2610,0.196011,406819.4,1831.21
111821,281.2606,0.199167,410126.1,1843.051
111821,285.2603,0.202308,413454.1,1854.8
111821,289.2600,0.205436,416804.1,1866.462
111821,293.2596,0.208551,420176.7,1878.042
111821,297.2593,0.211656,423572.4,1889.542
111821,301.2590,0.21475,426991.4,1900.968
111821,305.2586,0.217834,430434.3,1912.321
111821,309.2583,0.22091,433901.1,1923.604
111821,313.2580,0.223978,437392.1,1934.819
111821,317.2576,0.227038,440907.4,1945.97
111821,321.2573,0.230091,444447.3,1957.058
111821,325.2570,0.233137,448011.9,1968.085
111821,329.2566,0.236177,451601.1,1979.053
111821,333.2563,0.239212,455215.1,1989.963
111821,337.2560,0.242241,458854,2000.817
111821,341.2556,0.245265,462517.8,2011.617
111821,345.2553,0.248285,466206.5,2022.363
111821,349.2550,0.2513,469920.2,2033.058
111821,353.2546,0.254311,473658.9,2043.701
111821,357.2543,0.257318,477422.5,2054.295
111821,361.2540,0.260321,481211,2064.841
111821,365.2536,0.26332,485024.6,2075.339
111821,369.2533,0.266317,488863,2085.791
125020,251.7828,0.155987,385710,1742.612
125020,255.7825,0.158998,388951.7,1755.385
125020,259.7821,0.161972,392195.8,1767.97
125020,263.7818,0.164915,395447.9,1780.393
125020,267.7815,0.167832,398711.9,1792.674
125020,271.7811,0.170726,401990.7,1804.828
125020,275.7808,0.1736,405286.2,1816.865
125020,279.7805,0.176457,408600.3,1828.796
125020,283.7801,0.179298,411934,1840.627
125020,287.7798,0.182125,415288.4,1852.365
125020,291.7795,0.184938,418664.3,1864.014
125020,295.7791,0.18774,422062.2,1875.581
125020,299.7788,0.190532,425482.6,1887.067
125020,303.7785,0.193313,428926,1898.478
125020,307.7781,0.196085,432392.8,1909.815
125020,311.7778,0.198849,435883.1,1921.083
125020,315.7775,0.201605,439397.2,1932.282
125020,319.7771,0.204353,442935.4,1943.416
125020,323.7768,0.207095,446497.7,1954.487
125020,327.7765,0.20983,450084.3,1965.497
125020,331.7761,0.21256,453695.4,1976.447
125020,335.7758,0.215284,457331,1987.339
125020,339.7755,0.218002,460991.1,1998.175
125020,343.7751,0.220716,464675.9,2008.957
125020,347.7748,0.223425,468385.4,2019.685
125020,351.7745,0.22613,472119.6,2030.361
125020,355.7741,0.228831,475878.5,2040.986
125020,359.7738,0.231528,479662.2,2051.562
125020,363.7735,0.234222,483470.7,2062.089
125020,367.7731,0.236912,487303.9,2072.569
125020,371.7728,0.239599,491161.8,2083.002
139776,254.3629,0.140367,387305,1740.291
139776,258.3626,0.14309,390583.4,1753.079
139776,262.3622,0.145777,393862.2,1765.672
139776,266.3619,0.148434,397147.4,1778.099
139776,270.3616,0.151066,400443.1,1790.38
139776,274.3612,0.153676,403752.5,1802.531
139776,278.3609,0.156267,407077.8,1814.564
139776,282.3606,0.158841,410420.7,1826.488
139776,286.3602,0.1614,413782.6,1838.31
139776,290.3599,0.163945,417164.5,1850.038
139776,294.3596,0.166477,420567.1,1861.677
139776,298.3592,0.168998,423991.3,1873.231
139776,302.3589,0.171509,427437.5,1884.705
139776,306.3586,0.17401,430906.1,1896.101
139776,310.3582,0.176503,434397.6,1907.424
139776,314.3579,0.178987,437912.3,1918.677
139776,318.3576,0.181464,441450.4,1929.861
139776,322.3572,0.183933,445012.1,1940.979
139776,326.3569,0.186396,448597.7,1952.033
139776,330.3566,0.188853,452207.2,1963.026
139776,334.3562,0.191304,455840.9,1973.959
139776,338.3559,0.19375,459498.7,1984.834
139776,342.3556,0.196191,463180.8,1995.652
139776,346.3552,0.198627,466887.3,2006.416
139776,350.3549,0.201058,470618.3,2017.126
139776,354.3546,0.203486,474373.6,2027.784
139776,358.3542,0.205909,478153.5,2038.391
139776,362.3539,0.208329,481958,2048.949
139776,366.3536,0.210745,485786.9,2059.458
139776,370.3532,0.213158,489640.4,2069.919
139776,374.3529,0.215568,493518.5,2080.334
156274,257.0057,0.126287,388929.9,1738.059
156274,261.0054,0.128751,392246.7,1750.865
156274,265.0051,0.131181,395561.8,1763.47
156274,269.0047,0.133581,398881.7,1775.904
156274,273.0044,0.135958,402210.7,1788.188
156274,277.0041,0.138313,405552.1,1800.338
156274,281.0037,0.14065,408908.4,1812.368
156274,285.0034,0.14297,412281.4,1824.287
156274,289.0031,0.145276,415672.6,1836.103
156274,293.0027,0.147569,419083,1847.823
156274,297.0024,0.149849,422513.6,1859.452
156274,301.0021,0.152119,425965,1870.995
156274,305.0017,0.154379,429437.9,1882.457
156274,309.0014,0.156629,432932.8,1893.841
156274,313.0011,0.158871,436450,1905.15
156274,317.0007,0.161105,439990,1916.388
156274,321.0004,0.163331,443552.9,1927.557
156274,325.0001,0.165551,447139.1,1938.66
156274,328.9997,0.167764,450748.7,1949.699
156274,332.9994,0.169972,454381.9,1960.675
156274,336.9991,0.172174,458038.9,1971.592
156274,340.9987,0.17437,461719.8,1982.45
156274,344.9984,0.176562,465424.7,1993.251
156274,348.9981,0.17875,469153.6,2003.998
156274,352.9977,0.180933,472906.7,2014.69
156274,356.9974,0.183111,476684,2025.331
156274,360.9971,0.185287,480485.5,2035.92
156274,364.9967,0.187458,484311.4,2046.46
156274,368.9964,0.189626,488161.5,2056.951
156274,372.9961,0.191791,492036,2067.394
156274,376.9957,0.193953,495934.8,2077.791
174719,259.7135,0.113594,390584.3,1735.915
174719,263.7132,0.115826,393941.6,1748.744
174719,267.7129,0.118024,397294.9,1761.364
174719,271.7125,0.120195,400651,1773.808
174719,275.7122,0.122342,404014.8,1786.097
174719,279.7119,0.124469,407389.8,1798.25
174719,283.7115,0.126578,410778.5,1810.279
174719,287.7112,0.128671,414182.9,1822.195
174719,291.7109,0.130751,417604.7,1834.006
174719,295.7105,0.132817,421044.8,1845.719
174719,299.7102,0.134872,424504.5,1857.34
174719,303.7099,0.136916,427984.3,1868.874
174719,307.7095,0.138951,431485,1880.325
174719,311.7092,0.140976,435007.1,1891.697
174719,315.7089,0.142993,438551.1,1902.994
174719,319.7085,0.145003,442117.2,1914.219
174719,323.7082,0.147006,445706,1925.374
174719,327.7079,0.149002,449317.5,1936.462
174719,331.7075,0.150992,452952,1947.486
174719,335.7072,0.152976,456609.8,1958.447
174719,339.7069,0.154955,460291,1969.348
174719,343.7065,0.156928,463995.7,1980.19
174719,347.7062,0.158897,467724.1,1990.975
174719,351.7059,0.160862,471476.3,2001.704
174719,355.7055,0.162822,475252.3,2012.38
174719,359.7052,0.164779,479052.2,2023.003
174719,363.7049,0.166732,482876.2,2033.575
174719,367.7045,0.168681,486724.1,2044.097
174719,371.7042,0.170627,490596.1,2054.57
174719,375.7039,0.17257,494492.3,2064.996
174719,379.7035,0.17451,498412.5,2075.375
195341,262.4886,0.102151,392268,1733.86
195341,266.4883,0.104174,395667.9,1746.715
195341,270.4880,0.106166,399061.4,1759.354
195341,274.4876,0.10813,402455.7,1771.811
195341,278.4873,0.110072,405856,1784.11
195341,282.4870,0.111994,409266,1796.267
195341,286.4866,0.113899,412688.6,1808.298
195341,290.4863,0.115788,416125.9,1820.213
195341,294.4860,0.117664,419579.5,1832.021
195341,298.4856,0.119528,423050.7,1843.729
195341,302.4853,0.12138,426540.6,1855.343
195341,306.4850,0.123222,430050,1866.869
195341,310.4846,0.125055,433579.7,1878.311
195341,314.4843,0.126879,437130.1,1889.673
195341,318.4840,0.128696,440701.8,1900.959
195341,322.4836,0.130505,444295.3,1912.172
195341,326.4833,0.132307,447910.7,1923.314
195341,330.4830,0.134102,451548.5,1934.388
195341,334.4826,0.135892,455209,1945.398
195341,338.4823,0.137676,458892.2,1956.344
195341,342.4820,0.139455,462598.5,1967.23
195341,346.4816,0.141229,466327.9,1978.056
195341,350.4813,0.142998,470080.7,1988.825
195341,354.4810,0.144764,473856.9,1999.538
195341,358.4806,0.146525,477656.7,2010.197
195341,362.4803,0.148282,481480.1,2020.804
195341,366.4800,0.150036,485327.2,2031.359
195341,370.4796,0.151786,489198,2041.864
195341,374.4793,0.153534,493092.7,2052.32
195341,378.4790,0.155278,497011.2,2062.728
195341,382.4786,0.157019,500953.5,2073.09
218397,265.3334,0.0918348,393980.6,1731.892
218397,269.3331,0.0936713,397425.4,1744.778
218397,273.3328,0.0954766,400861.2,1757.44
218397,277.3324,0.0972558,404295.5,1769.914
218397,281.3321,0.0990131,407734.1,1782.224
218397,285.3318,0.100751,411181,1794.39
218397,289.3314,0.102473,414639,1806.425
218397,293.3311,0.10418,418110.7,1818.342
218397,297.3308,0.105874,421597.6,1830.149
218397,301.3304,0.107556,425101.3,1841.854
218397,305.3301,0.109227,428622.8,1853.463
218397,309.3298,0.110888,432163,1864.983
218397,313.3294,0.11254,435722.8,1876.417
218397,317.3291,0.114184,439302.8,1887.77
218397,321.3288,0.11582,442903.4,1899.046
218397,325.3284,0.117449,446525.2,1910.248
218397,329.3281,0.119071,450168.4,1921.378
218397,333.3278,0.120687,453833.6,1932.44
218397,337.3274,0.122297,457520.9,1943.436
218397,341.3271,0.123902,461230.6,1954.369
218397,345.3268,0.125502,464962.9,1965.24
218397,349.3264,0.127097,468718,1976.051
218397,353.3261,0.128688,472496,1986.805
218397,357.3258,0.130275,476297.2,1997.503
218397,361.3254,0.131858,480121.5,2008.146
218397,365.3251,0.133437,483969.2,2018.736
218397,369.3248,0.135012,487840.2,2029.275
218397,373.3244,0.136585,491734.8,2039.763
218397,377.3241,0.138154,495652.8,2050.202
218397,381.3238,0.13972,499594.5,2060.593
218397,385.3234,0.141284,503559.8,2070.938
244175,268.2504,0.0825344,395721.3,1730.008
244175,272.2501,0.084203,399213.6,1742.931
244175,276.2498,0.0858413,402693.9,1755.622
244175,280.2494,0.0874545,406170.5,1768.116
244175,284.2491,0.0890463,409649.4,1780.442
244175,288.2488,0.0906198,413134.9,1792.619
244175,292.2484,0.0921772,416630.2,1804.661
244175,296.2481,0.0937203,420137.8,1816.582
244175,300.2478,0.0952507,423659.6,1828.39
244175,304.2474,0.0967695,427197.2,1840.095
244175,308.2471,0.0982779,430751.7,1851.701
244175,312.2468,0.0997767,434324.1,1863.216
244175,316.2464,0.101267,437915.4,1874.645
244175,320.2461,0.102749,441526,1885.99
244175,324.2458,0.104223,445156.8,1897.257
244175,328.2454,0.105691,448808.1,1908.449
244175,332.2451,0.107152,452480.3,1919.569
244175,336.2448,0.108607,456173.9,1930.62
244175,340.2444,0.110057,459889.1,1941.604
244175,344.2441,0.111502,463626.3,1952.523
244175,348.2438,0.112941,467385.6,1963.381
244175,352.2434,0.114376,471167.3,1974.178
244175,356.2431,0.115807,474971.6,1984.917
244175,360.2428,0.117234,478798.6,1995.6
244175,364.2424,0.118657,482648.4,2006.228
244175,368.2421,0.120076,486521.2,2016.802
244175,372.2418,0.121492,490417.1,2027.325
244175,376.2414,0.122905,494336.2,2037.797
244175,380.2411,0.124315,498278.5,2048.22
244175,384.2408,0.125722,502244.1,2058.595
244175,388.2404,0.127126,506233.1,2068.922
272996,271.2422,0.0741495,397489.1,1728.208
272996,275.2419,0.0756673,401031.8,1741.173
272996,279.2416,0.0771558,404559.2,1753.897
272996,283.2412,0.0786198,408080.4,1766.417
272996,287.2409,0.0800633,411601.7,1778.762
272996,291.2406,0.0814889,415127.8,1790.953
272996,295.2402,0.0828989,418662.2,1803.006
272996,299.2399,0.0842951,422207.5,1814.934
272996,303.2396,0.0856789,425765.9,1826.747
272996,307.2392,0.0870516,429338.9,1838.452
272996,311.2389,0.0884141,432928,1850.058
272996,315.2386,0.0897674,436534,1861.571
272996,319.2382,0.0911122,440158.1,1872.995
272996,323.2379,0.0924492,443800.9,1884.335
272996,327.2376,0.093779,447463,1895.595
272996,331.2372,0.0951021,451145,1906.778
272996,335.2369,0.096419,454847.4,1917.889
272996,339.2366,0.0977301,458570.6,1928.929
272996,343.2362,0.0990359,462314.9,1939.902
272996,347.2359,0.100337,466080.6,1950.809
272996,351.2356,0.101633,469868,1961.654
272996,355.2352,0.102924,473677.4,1972.439
272996,359.2349,0.104212,477508.9,1983.164
272996,363.2346,0.105495,481362.7,1993.833
272996,367.2342,0.106775,485239,2004.446
272996,371.2339,0.108051,489138,2015.005
272996,375.2336,0.109325,493059.6,2025.513
272996,379.2332,0.110595,497004.1,2035.969
272996,383.2329,0.111862,500971.6,2046.376
272996,387.2326,0.113126,504962,2056.735
272996,391.2322,0.114388,508975.6,2067.046
305218,274.3116,0.0665898,399283,1726.488
305218,278.3113,0.0679723,402879.1,1739.502
305218,282.3109,0.0693262,406456.4,1752.264
305218,286.3106,0.0706565,410024.6,1764.815
305218,290.3103,0.0719667,413590.6,1777.184
305218,294.3099,0.0732596,417159.5,1789.393
305218,298.3096,0.0745374,420735,1801.46
305218,302.3093,0.0758018,424320,1813.398
305218,306.3089,0.0770542,427916.8,1825.218
305218,310.3086,0.0782957,431527,1836.928
305218,314.3083,0.0795275,435152.2,1848.535
305218,318.3079,0.0807503,438793.5,1860.047
305218,322.3076,0.0819649,442451.8,1871.469
305218,326.3073,0.0831719,446128.1,1882.805
305218,330.3069,0.0843719,449823,1894.059
305218,334.3066,0.0855655,453537.1,1905.236
305218,338.3063,0.086753,457271,1916.339
305218,342.3059,0.087935,461025,1927.37
305218,346.3056,0.0891117,464799.5,1938.333
305218,350.3053,0.0902836,468595,1949.23
305218,354.3049,0.0914509,472411.6,1960.063
305218,358.3046,0.0926139,476249.8,1970.835
305218,362.3043,0.0937729,480109.6,1981.548
305218,366.3039,0.0949282,483991.3,1992.203
305218,370.3036,0.0960799,487895.1,2002.803
305218,374.3033,0.0972282,491821.1,2013.348
305218,378.3029,0.0983734,495769.5,2023.841
305218,382.3026,0.0995156,499740.4,2034.282
305218,386.3023,0.100655,503733.9,2044.674
305218,390.3019,0.101792,507750.1,2055.017
305218,394.3016,0.102926,511789.1,2065.312
341243,277.4612,0.0597741,401101.4,1724.844
341243,281.4609,0.061035,404754.2,1737.915
341243,285.4606,0.0622682,408384.4,1750.722
341243,289.4602,0.0634783,412002.4,1763.309
341243,293.4599,0.064669,415615.8,1775.706
341243,297.4596,0.0658428,419229.8,1787.938
341243,301.4592,0.0670019,422848.6,1800.023
341243,305.4589,0.068148,426475.3,1811.974
341243,309.4586,0.0692825,430112.4,1823.804
341243,313.4582,0.0704065,433761.7,1835.521
341243,317.4579,0.0715209,437424.8,1847.133
341243,321.4576,0.0726267,441102.9,1858.647
341243,325.4572,0.0737245,444797.2,1870.068
341243,329.4569,0.074815,448508.6,1881.402
341243,333.4566,0.0758987,452237.7,1892.653
341243,337.4562,0.0769761,455985.3,1903.825
341243,341.4559,0.0780477,459752,1914.921
341243,345.4556,0.0791139,463538.1,1925.945
341243,349.4552,0.080175,467344.2,1936.899
341243,353.4549,0.0812314,471170.7,1947.786
341243,357.4546,0.0822834,475017.8,1958.609
341243,361.4542,0.0833313,478885.8,1969.37
341243,365.4539,0.0843752,482775.1,1980.071
341243,369.4536,0.0854155,486685.8,1990.714
341243,373.4532,0.0864524,490618.2,2001.301
341243,377.4529,0.087486,494572.4,2011.832
341243,381.4526,0.0885166,498548.5,2022.311
341243,385.4522,0.0895443,502546.8,2032.738
341243,389.4519,0.0905693,506567.4,2043.115
341243,393.4516,0.0915917,510610.3,2053.443
341243,397.4512,0.0926116,514675.7,2063.724
381520,280.6941,0.0536289,402942.2,1723.272
381520,284.6938,0.0547808,406655.5,1736.408
381520,288.6935,0.0559055,410342,1749.267
381520,292.6931,0.0570078,414012.9,1761.896
381520,296.6928,0.0580911,417676.3,1774.327
381520,300.6925,0.0591581,421338.1,1786.587
381520,304.6921,0.0602107,425002.7,1798.693
381520,308.6918,0.0612507,428673.3,1810.662
381520,312.6915,0.0622794,432352.8,1822.505
381520,316.6911,0.0632978,436043.1,1834.232
381520,320.6908,0.0643071,439746,1845.851
381520,324.6905,0.0653079,443462.9,1857.37
381520,328.6901,0.0663009,447194.8,1868.793
381520,332.6898,0.0672869,450942.9,1880.127
381520,336.6895,0.0682663,454707.9,1891.377
381520,340.6891,0.0692396,458490.5,1902.545
381520,344.6888,0.0702072,462291.5,1913.637
381520,348.6885,0.0711696,466111.2,1924.655
381520,352.6881,0.0721271,469950.2,1935.602
381520,356.6878,0.0730801,473809,1946.481
381520,360.6875,0.0740287,477687.8,1957.295
381520,364.6871,0.0749733,481587,1968.046
381520,368.6868,0.0759142,485507,1978.736
381520,372.6865,0.0768515,489447.9,1989.368
381520,376.6861,0.0777855,493410,1999.942
381520,380.6858,0.0787164,497393.4,2010.461
381520,384.6855,0.0796442,501398.5,2020.927
381520,388.6851,0.0805693,505425.3,2031.341
381520,392.6848,0.0814918,509473.9,2041.704
381520,396.6845,0.0824117,513544.6,2052.018
381520,400.6841,0.0833293,517637.4,2062.283
426551,284.0133,0.0480881,404803,1721.767
426551,288.0129,0.0491421,408581,1734.977
426551,292.0126,0.0501696,412327.5,1747.896
426551,296.0123,0.0511751,416054.7,1760.573
426551,300.0119,0.0521621,419771.3,1773.044
426551,304.0116,0.0531331,423483.6,1785.337
426551,308.0113,0.0540902,427196.5,1797.47
426551,312.0109,0.0550349,430913.6,1809.46
426551,316.0106,0.0559686,434637.8,1821.321
426551,320.0103,0.0568924,438371.4,1833.061
426551,324.0099,0.0578073,442116.1,1844.69
426551,328.0096,0.0587139,445873.6,1856.216
426551,332.0093,0.059613,449645.1,1867.645
426551,336.0089,0.0605052,453431.6,1878.981
426551,340.0086,0.0613911,457234.2,1890.231
426551,344.0083,0.062271,461053.5,1901.399
426551,348.0079,0.0631454,464890.3,1912.488
426551,352.0076,0.0640148,468745.1,1923.501
426551,356.0073,0.0648794,472618.6,1934.443
426551,360.0069,0.0657396,476511,1945.316
426551,364.0066,0.0665956,480423,1956.122
426551,368.0063,0.0674477,484354.7,1966.864
426551,372.0059,0.0682961,488306.7,1977.545
426551,376.0056,0.0691412,492279,1988.166
426551,380.0053,0.069983,496272,1998.73
426551,384.0049,0.0708217,500286,2009.237
426551,388.0046,0.0716576,504321.1,2019.691
426551,392.0043,0.0724908,508377.5,2030.092
426551,396.0039,0.0733214,512455.4,2040.442
426551,400.0036,0.0741496,516554.9,2050.742
426551,404.0033,0.0749755,520676.2,2060.994
476898,287.4217,0.0430923,406680.7,1720.322
476898,291.4214,0.0440585,410528.2,1733.616
476898,295.4210,0.0449986,414338.9,1746.603
476898,299.4207,0.0459173,418126.1,1759.337
476898,303.4204,0.0468178,421899.2,1771.855
476898,307.4200,0.0477027,425665.3,1784.186
476898,311.4197,0.048574,429429.4,1796.351
476898,315.4194,0.0494333,433195.6,1808.368
476898,319.4190,0.0502818,436967,1820.249
476898,323.4187,0.0511206,440746.2,1832.007
476898,327.4184,0.0519508,444535,1843.65
476898,331.4180,0.0527729,448335.3,1855.187
476898,335.4177,0.0535877,452148.3,1866.623
476898,339.4174,0.0543958,455975.3,1877.965
476898,343.4170,0.0551977,459817.2,1889.218
476898,347.4167,0.0559939,463675,1900.386
476898,351.4164,0.0567848,467549.3,1911.474
476898,355.4160,0.0575707,471440.9,1922.486
476898,359.4157,0.058352,475350.3,1933.424
476898,363.4154,0.059129,479278,1944.292
476898,367.4150,0.059902,483224.5,1955.092
476898,371.4147,0.0606711,487190.3,1965.827
476898,375.4144,0.0614368,491175.5,1976.5
476898,379.4140,0.0621991,495180.7,1987.112
476898,383.4137,0.0629583,499206,1997.665
476898,387.4134,0.0637145,503251.7,2008.163
476898,391.4130,0.0644679,507318.1,2018.605
476898,395.4127,0.0652188,511405.4,2028.994
476898,399.4124,0.0659671,515513.7,2039.332
476898,403.4120,0.0667131,519643.2,2049.619
476898,407.4117,0.0674568,523794.1,2059.858
533187,290.9227,0.0385876,408571.6,1718.926
533187,294.9223,0.0394751,412493.9,1732.317
533187,298.9220,0.0403369,416373.4,1745.383
533187,302.9217,0.0411777,420224.8,1758.182
533187,306.9213,0.0420006,424058.3,1770.754
533187,310.9210,0.0428082,427881.5,1783.13
533187,314.9207,0.0436025,431700,1795.334
533187,318.9203,0.044385,435518.3,1807.382
533187,322.9200,0.0451571,439339.8,1819.29
533187,326.9197,0.0459197,443167.1,1831.069
533187,330.9193,0.0466738,447002.5,1842.73
533187,334.9190,0.0474201,450847.8,1854.28
533187,338.9187,0.0481593,454704.5,1865.727
533187,342.9183,0.0488919,458574,1877.078
533187,346.9180,0.0496186,462457.3,1888.336
533187,350.9177,0.0503396,466355.4,1899.508
533187,354.9173,0.0510555,470269.1,1910.598
533187,358.9170,0.0517666,474199.2,1921.609
533187,362.9167,0.0524732,478146.3,1932.546
533187,366.9163,0.0531756,482110.9,1943.41
533187,370.9160,0.0538741,486093.6,1954.206
533187,374.9157,0.0545689,490094.8,1964.936
533187,378.9153,0.0552603,494115,1975.601
533187,382.9150,0.0559485,498154.4,1986.206
533187,386.9147,0.0566336,502213.3,1996.751
533187,390.9143,0.0573159,506292.2,2007.239
533187,394.9140,0.0579954,510391.2,2017.671
533187,398.9137,0.0586724,514510.6,2028.05
533187,402.9133,0.059347,518650.6,2038.376
533187,406.9130,0.0600193,522811.4,2048.652
533187,410.9127,0.0606895,526993.1,2058.879
596119,294.5195,0.0345255,410470.8,1717.571
596119,298.5191,0.0353425,414474,1731.072
596119,302.5188,0.0361342,418427.8,1744.229
596119,306.5185,0.0369051,422348.1,1757.103
596119,310.5181,0.0376584,426246.2,1769.738
596119,314.5178,0.0383967,430130.4,1782.167
596119,318.5175,0.0391219,434006.9,1794.414
596119,322.5171,0.0398356,437880.5,1806.5
596119,326.5168,0.040539,441755,1818.439
596119,330.5165,0.0412331,445633.3,1830.245
596119,334.5161,0.041919,449517.9,1841.927
596119,338.5158,0.0425972,453410.8,1853.496
596119,342.5155,0.0432686,457313.6,1864.957
596119,346.5151,0.0439335,461227.8,1876.319
596119,350.5148,0.0445926,465154.7,1887.587
596119,354.5145,0.0452462,469095.2,1898.765
596119,358.5141,0.0458948,473050.3,1909.859
596119,362.5138,0.0465388,477020.8,1920.872
596119,366.5135,0.0471784,481007.4,1931.809
596119,370.5131,0.0478139,485010.7,1942.672
596119,374.5128,0.0484456,489031.2,1953.466
596119,378.5125,0.0490738,493069.6,1964.191
596119,382.5121,0.0496986,497126.1,1974.852
596119,386.5118,0.0503203,501201.3,1985.451
596119,390.5115,0.050939,505295.5,1995.989
596119,394.5111,0.051555,509409,2006.469
596119,398.5108,0.0521683,513542,2016.892
596119,402.5105,0.0527791,517694.9,2027.261
596119,406.5101,0.0533876,521867.9,2037.578
596119,410.5098,0.0539939,526061.3,2047.843
596119,414.5095,0.0545981,530275.1,2058.058
666480,298.2154,0.0308624,412372.4,1716.241
666480,302.2151,0.0316164,416463.7,1729.869
666480,306.2148,0.0323453,420497.9,1743.13
666480,310.2144,0.0330535,424492.4,1756.091
666480,314.2141,0.0337444,428459.9,1768.799
666480,318.2138,0.0344205,432409.4,1781.289
666480,322.2134,0.0350837,436347.8,1793.588
666480,326.2131,0.0357356,440280.4,1805.718
666480,330.2128,0.0363774,444211.2,1817.695
666480,334.2124,0.0370101,448143.7,1829.532
666480,338.2121,0.0376347,452080.4,1841.241
666480,342.2118,0.0382519,456023.6,1852.832
666480,346.2114,0.0388623,459975.2,1864.312
666480,350.2111,0.0394665,463936.6,1875.689
666480,354.2108,0.0400649,467909.4,1886.968
666480,358.2104,0.0406581,471894.5,1898.156
666480,362.2101,0.0412463,475893.1,1909.257
666480,366.2098,0.04183,479906.1,1920.275
666480,370.2094,0.0424095,483934.1,1931.215
666480,374.2091,0.042985,487977.9,1942.079
666480,378.2088,0.0435568,492038.2,1952.872
666480,382.2084,0.0441252,496115.5,1963.595
666480,386.2081,0.0446903,500210.2,1974.253
666480,390.2078,0.0452524,504322.8,1984.847
666480,394.2074,0.0458116,508453.8,1995.38
666480,398.2071,0.0463681,512603.4,2005.853
666480,402.2068,0.046922,516772,2016.269
666480,406.2064,0.0474735,520959.9,2026.63
666480,410.2061,0.0480228,525167.4,2036.937
666480,414.2058,0.0485699,529394.7,2047.193
666480,418.2054,0.049115,533642,2057.397
745146,302.0140,0.0275587,414269.2,1714.92
745146,306.0137,0.0282565,418456.9,1728.695
745146,310.0133,0.0289292,422578.5,1742.076
745146,314.0130,0.0295814,426653.5,1755.137
745146,318.0127,0.0302164,430695.7,1767.929
745146,322.0123,0.0308367,434715.4,1780.49
745146,326.0120,0.0314443,438720.1,1792.85
745146,330.0117,0.0320407,442715.7,1805.031
745146,334.0113,0.0326272,446706.6,1817.052
745146,338.0110,0.0332048,450696.7,1828.927
745146,342.0107,0.0337745,454688.8,1840.668
745146,346.0103,0.0343368,458685.3,1852.286
745146,350.0100,0.0348925,462688.4,1863.789
745146,354.0097,0.0354421,466699.8,1875.184
745146,358.0093,0.0359862,470721,1886.48
745146,362.0090,0.036525,474753.2,1897.68
745146,366.0087,0.0370591,478797.7,1908.791
745146,370.0083,0.0375888,482855.3,1919.817
745146,374.0080,0.0381143,486926.9,1930.762
745146,378.0077,0.038636,491013.3,1941.63
745146,382.0073,0.039154,495115.3,1952.424
745146,386.0070,0.0396688,499233.3,1963.148
745146,390.0067,0.0401803,503368,1973.805
745146,394.0063,0.0406889,507519.9,1984.396
745146,398.0060,0.0411947,511689.3,1994.925
745146,402.0057,0.0416979,515876.8,2005.393
745146,406.0053,0.0421986,520082.6,2015.804
745146,410.0050,0.0426969,524307.1,2026.158
745146,414.0047,0.0431931,528550.6,2036.457
745146,418.0043,0.0436871,532813.3,2046.704
745146,422.0040,0.0441792,537095.5,2056.9
833096,305.9187,0.0245789,416152.2,1713.587
833096,309.9183,0.0252267,420446.1,1727.532
833096,313.9180,0.0258493,424663.3,1741.053
833096,317.9177,0.0264514,428825.8,1754.229
833096,321.9173,0.0270363,432949.1,1767.118
833096,325.9170,0.0276067,437044.5,1779.762
833096,329.9167,0.0281644,441120.5,1792.192
833096,333.9163,0.0287111,445183.6,1804.433
833096,337.9160,0.0292479,449238.8,1816.506
833096,341.9157,0.0297761,453290.3,1828.425
833096,345.9153,0.0302963,457341.3,1840.204
833096,349.9150,0.0308094,461394.5,1851.854
833096,353.9147,0.031316,465452.3,1863.385
833096,357.9143,0.0318167,469516.6,1874.804
833096,361.9140,0.0323119,473589,1886.119
833096,365.9137,0.032802,477670.9,1897.336
833096,369.9133,0.0332875,481763.7,1908.461
833096,373.9130,0.0337686,485868.3,1919.497
833096,377.9127,0.0342457,489985.9,1930.451
833096,381.9123,0.0347191,494117.1,1941.325
833096,385.9120,0.0351889,498262.9,1952.124
833096,389.9117,0.0356555,502423.8,1962.85
833096,393.9113,0.036119,506600.4,1973.507
833096,397.9110,0.0365796,510793.4,1984.098
833096,401.9107,0.0370375,515003.2,1994.625
833096,405.9103,0.0374928,519230.3,2005.091
833096,409.9100,0.0379458,523475,2015.497
833096,413.9097,0.0383964,527737.8,2025.846
833096,417.9093,0.038845,532018.9,2036.139
833096,421.9090,0.0392914,536318.7,2046.379
833096,425.9087,0.039736,540637.5,2056.567
931428,309.9330,0.0218906,418009.9,1712.216
931428,313.9326,0.0224943,422421.8,1726.36
931428,317.9323,0.0230723,426744.5,1740.043
931428,321.9320,0.0236297,431002.8,1753.353
931428,325.9316,0.0241699,435214.3,1766.355
931428,329.9313,0.0246955,439391.8,1779.094
931428,333.9310,0.0252085,443544.7,1791.605
931428,337.9306,0.0257106,447680.4,1803.917
931428,341.9303,0.026203,451804.6,1816.049
931428,345.9300,0.0266867,455921.7,1828.02
931428,349.9296,0.0271626,460035.6,1839.844
931428,353.9293,0.0276316,464149.2,1851.533
931428,357.9290,0.0280941,468265.1,1863.097
931428,361.9286,0.0285508,472385.5,1874.545
931428,365.9283,0.0290021,476512.2,1885.884
931428,369.9280,0.0294484,480646.8,1897.122
931428,373.9276,0.0298903,484790.6,1908.264
931428,377.9273,0.0303278,488945,1919.315
931428,381.9270,0.0307615,493110.9,1930.28
931428,385.9266,0.0311914,497289.4,1941.163
931428,389.9263,0.031618,501481.2,1951.969
931428,393.9260,0.0320414,505687.1,1962.701
931428,397.9256,0.0324617,509907.9,1973.361
931428,401.9253,0.0328793,514144.1,1983.954
931428,405.9250,0.0332942,518396.2,1994.481
931428,409.9246,0.0337066,522664.8,2004.945
931428,413.9243,0.0341167,526950.4,2015.349
931428,417.9240,0.0345246,531253.2,2025.694
931428,421.9236,0.0349304,535573.7,2035.983
931428,425.9233,0.0353342,539912.3,2046.217
931428,429.9230,0.0357362,544269.2,2056.399
1.04137e+06,314.0604,0.0194649,419828.2,1710.773
1.04137e+06,318.0601,0.0200297,424372.6,1725.152
1.04137e+06,322.0598,0.0205683,428812.4,1739.024
1.04137e+06,326.0594,0.0210859,433176.3,1752.491
1.04137e+06,330.0591,0.0215862,437484.4,1765.623
1.04137e+06,334.0588,0.0220718,441751.2,1778.473
1.04137e+06,338.0584,0.0225448,445987.6,1791.079
1.04137e+06,342.0581,0.0230069,450201.7,1803.472
1.04137e+06,346.0578,0.0234594,454400,1815.674
1.04137e+06,350.0574,0.0239032,458587.7,1827.706
1.04137e+06,354.0571,0.0243394,462768.9,1839.582
1.04137e+06,358.0568,0.0247687,466947,1851.317
1.04137e+06,362.0564,0.0251916,471124.8,1862.92
1.04137e+06,366.0561,0.0256088,475304.9,1874.402
1.04137e+06,370.0558,0.0260207,479489.2,1885.771
1.04137e+06,374.0554,0.0264278,483679.5,1897.034
1.04137e+06,378.0551,0.0268304,487877.5,1908.197
1.04137e+06,382.0548,0.0272288,492084.4,1919.266
1.04137e+06,386.0544,0.0276235,496301.5,1930.247
1.04137e+06,390.0541,0.0280145,500529.7,1941.143
1.04137e+06,394.0538,0.0284022,504770.1,1951.959
1.04137e+06,398.0534,0.0287868,509023.5,1962.698
1.04137e+06,402.0531,0.0291684,513290.7,1973.365
1.04137e+06,406.0528,0.0295473,517572.2,1983.962
1.04137e+06,410.0524,0.0299237,521868.9,1994.491
1.04137e+06,414.0521,0.0302976,526181.1,2004.957
1.04137e+06,418.0518,0.0306692,530509.4,2015.36
1.04137e+06,422.0514,0.0310387,534854.3,2025.704
1.04137e+06,426.0511,0.0314062,539216.1,2035.99
1.04137e+06,430.0508,0.0317717,543595.3,2046.22
1.04137e+06,434.0504,0.0321354,547992.2,2056.397
1.16428e+06,318.3045,0.0172753,421589,1709.216
1.16428e+06,322.3041,0.0178062,426283.9,1723.874
1.16428e+06,326.3038,0.0183102,430855,1737.97
1.16428e+06,330.3035,0.0187926,435336.2,1751.62
1.16428e+06,334.3031,0.0192573,439750.7,1764.905
1.16428e+06,338.3028,0.0197072,444115.4,1777.883
1.16428e+06,342.3025,0.0201445,448442.6,1790.599
1.16428e+06,346.3021,0.0205708,452741.8,1803.086
1.16428e+06,350.3018,0.0209875,457020.3,1815.37
1.16428e+06,354.3015,0.0213956,461283.9,1827.473
1.16428e+06,358.3011,0.0217961,465537.3,1839.41
1.16428e+06,362.3008,0.0221897,469784.5,1851.198
1.16428e+06,366.3005,0.0225771,474028.5,1862.848
1.16428e+06,370.3001,0.0229589,478272.2,1874.371
1.16428e+06,374.2998,0.0233354,482517.9,1885.775
1.16428e+06,378.2995,0.0237072,486767.5,1897.068
1.16428e+06,382.2991,0.0240746,491022.8,1908.258
1.16428e+06,386.2988,0.0244379,495285.4,1919.349
1.16428e+06,390.2985,0.0247974,499556.5,1930.349
1.16428e+06,394.2981,0.0251535,503837.4,1941.261
1.16428e+06,398.2978,0.0255063,508129.1,1952.091
1.16428e+06,402.2975,0.025856,512432.5,1962.842
1.16428e+06,406.2971,0.0262029,516748.6,1973.517
1.16428e+06,410.2968,0.0265471,521078,1984.121
1.16428e+06,414.2965,0.0268888,525421.4,1994.655
1.16428e+06,418.2961,0.0272282,529779.4,2005.124
1.16428e+06,422.2958,0.0275653,534152.7,2015.529
1.16428e+06,426.2955,0.0279003,538541.7,2025.874
1.16428e+06,430.2951,0.0282334,542946.8,2036.159
1.16428e+06,434.2948,0.0285646,547368.6,2046.388
1.16428e+06,438.2945,0.028894,551807.3,2056.561
1.3017e+06,322.6685,0.0152979,423269.3,1707.49
1.3017e+06,326.6682,0.0157999,428137.4,1722.485
1.3017e+06,330.6679,0.0162736,432857.4,1736.847
1.3017e+06,334.6675,0.0167249,437470,1750.713
1.3017e+06,338.6672,0.0171582,442002.8,1764.177
1.3017e+06,342.6669,0.0175763,446475.3,1777.306
1.3017e+06,346.6665,0.0179817,450902.1,1790.15
1.3017e+06,350.6662,0.018376,455294,1802.746
1.3017e+06,354.6659,0.0187606,459659.4,1815.125
1.3017e+06,358.6655,0.0191367,464005.1,1827.309
1.3017e+06,362.6652,0.0195052,468336.4,1839.318
1.3017e+06,366.6649,0.0198669,472657.7,1851.169
1.3017e+06,370.6645,0.0202223,476972.6,1862.873
1.3017e+06,374.6642,0.0205722,481284.4,1874.443
1.3017e+06,378.6639,0.020917,485595.5,1885.889
1.3017e+06,382.6635,0.021257,489908.2,1897.218
1.3017e+06,386.6632,0.0215928,494224.5,1908.439
1.3017e+06,390.6629,0.0219245,498546.2,1919.559
1.3017e+06,394.6625,0.0222526,502874.6,1930.582
1.3017e+06,398.6622,0.0225772,507211.2,1941.515
1.3017e+06,402.6619,0.0228986,511557.2,1952.362
1.3017e+06,406.6615,0.0232171,515913.4,1963.127
1.3017e+06,410.6612,0.0235327,520281,1973.815
1.3017e+06,414.6609,0.0238458,524660.8,1984.428
1.3017e+06,418.6605,0.0241564,529053.5,1994.971
1.3017e+06,422.6602,0.0244647,533459.8,2005.446
1.3017e+06,426.6599,0.0247708,537880.3,2015.855
1.3017e+06,430.6595,0.0250749,542315.6,2026.202
1.3017e+06,434.6592,0.0253771,546766.3,2036.489
1.3017e+06,438.6589,0.0256774,551232.7,2046.718
1.3017e+06,442.6585,0.0259761,555715.4,2056.891
1.45534e+06,327.1557,0.0135109,424839.2,1705.526
1.45534e+06,331.1554,0.0139887,429909.9,1720.932
1.45534e+06,335.1551,0.0144364,434801,1735.614
1.45534e+06,339.1547,0.0148607,439562.4,1749.737
1.45534e+06,343.1544,0.0152662,444227.5,1763.411
1.45534e+06,347.1541,0.0156562,448819.8,1776.717
1.45534e+06,351.1537,0.0160331,453356.4,1789.71
1.45534e+06,355.1534,0.0163988,457849.8,1802.434
1.45534e+06,359.1531,0.0167547,462310.1,1814.923
1.45534e+06,363.1527,0.0171021,466744.8,1827.202
1.45534e+06,367.1524,0.0174419,471160.3,1839.295
1.45534e+06,371.1521,0.0177749,475561.5,1851.217
1.45534e+06,375.1517,0.0181017,479952.7,1862.985
1.45534e+06,379.1514,0.018423,484337.3,1874.611
1.45534e+06,383.1511,0.0187392,488718.4,1886.105
1.45534e+06,387.1507,0.0190507,493098.5,1897.478
1.45534e+06,391.1504,0.019358,497479.8,1908.737
1.45534e+06,395.1501,0.0196614,501864.3,1919.889
1.45534e+06,399.1497,0.0199611,506253.6,1930.941
1.45534e+06,403.1494,0.0202575,510649.3,1941.899
1.45534e+06,407.1491,0.0205508,515052.6,1952.767
1.45534e+06,411.1487,0.0208411,519464.8,1963.551
1.45534e+06,415.1484,0.0211287,523886.9,1974.255
1.45534e+06,419.1481,0.0214137,528319.8,1984.881
1.45534e+06,423.1477,0.0216964,532764.4,1995.435
1.45534e+06,427.1474,0.0219768,537221.6,2005.919
1.45534e+06,431.1471,0.0222551,541691.8,2016.336
1.45534e+06,435.1467,0.0225314,546175.9,2026.688
1.45534e+06,439.1464,0.0228058,550674.4,2036.979
1.45534e+06,443.1461,0.0230785,555187.8,2047.21
1.45534e+06,447.1457,0.0233495,559716.6,2057.383
1.62712e+06,331.7690,0.0118943,426259.1,1703.228
1.62712e+06,335.7687,0.012353,431571.9,1719.147
1.62712e+06,339.7684,0.0127788,436662.4,1734.218
1.62712e+06,343.7680,0.0131797,441594.3,1748.649
1.62712e+06,347.7677,0.0135609,446409.1,1762.575
1.62712e+06,351.7674,0.0139261,451135.5,1776.088
1.62712e+06,355.7670,0.0142777,455793.8,1789.256
1.62712e+06,359.7667,0.0146179,460399.2,1802.129
1.62712e+06,363.7664,0.0149483,464963.3,1814.745
1.62712e+06,367.7660,0.0152699,469495.2,1827.136
1.62712e+06,371.7657,0.015584,474002,1839.324
1.62712e+06,375.7654,0.0158912,478489.7,1851.331
1.62712e+06,379.7650,0.0161923,482963,1863.173
1.62712e+06,383.7647,0.0164878,487426,1874.863
1.62712e+06,387.7644,0.0167784,491882.1,1886.415
1.62712e+06,391.7640,0.0170643,496334.2,1897.837
1.62712e+06,395.7637,0.017346,500784.9,1909.14
1.62712e+06,399.7634,0.0176239,505236.4,1920.332
1.62712e+06,403.7630,0.0178982,509690.4,1931.418
1.62712e+06,407.7627,0.0181691,514148.8,1942.406
1.62712e+06,411.7624,0.018437,518613.1,1953.301
1.62712e+06,415.7620,0.0187021,523084.5,1964.107
1.62712e+06,419.7617,0.0189645,527564.2,1974.831
1.62712e+06,423.7614,0.0192243,532053.4,1985.475
1.62712e+06,427.7610,0.0194819,536552.9,1996.043
1.62712e+06,431.7607,0.0197372,541063.6,2006.539
1.62712e+06,435.7604,0.0199905,545586.3,2016.966
1.62712e+06,439.7600,0.0202418,550121.8,2027.326
1.62712e+06,443.7597,0.0204913,554670.6,2037.623
1.62712e+06,447.7594,0.0207391,559233.3,2047.859
1.62712e+06,451.7590,0.0209852,563810.5,2058.036
1.81917e+06,336.5108,0.0104299,427475.9,1700.469
1.81917e+06,340.5105,0.0108746,433085,1717.04
1.81917e+06,344.5102,0.0112828,438412.2,1732.595
1.81917e+06,348.5098,0.0116639,443542.2,1747.4
1.81917e+06,352.5095,0.0120241,448528.1,1761.625
1.81917e+06,356.5092,0.0123674,453405.7,1775.384
1.81917e+06,360.5088,0.0126967,458200.1,1788.758
1.81917e+06,364.5085,0.0130142,462929.7,1801.805
1.81917e+06,368.5082,0.0133217,467608.2,1814.57
1.81917e+06,372.5078,0.0136204,472246.4,1827.089
1.81917e+06,376.5075,0.0139113,476852.9,1839.389
1.81917e+06,380.5072,0.0141954,481434.4,1851.494
1.81917e+06,384.5068,0.0144734,485996.5,1863.421
1.81917e+06,388.5065,0.0147458,490544,1875.186
1.81917e+06,392.5062,0.0150133,495080.8,1886.804
1.81917e+06,396.5058,0.0152762,499610.2,1898.286
1.81917e+06,400.5055,0.0155349,504135.1,1909.64
1.81917e+06,404.5052,0.0157898,508658.1,1920.877
1.81917e+06,408.5048,0.0160412,513181.1,1932.004
1.81917e+06,412.5045,0.0162893,517706.3,1943.028
1.81917e+06,416.5042,0.0165344,522235.3,1953.954
1.81917e+06,420.5038,0.0167767,526769.5,1964.788
1.81917e+06,424.5035,0.0170164,531310.3,1975.536
1.81917e+06,428.5032,0.0172536,535858.9,1986.201
1.81917e+06,432.5028,0.0174886,540416.4,1996.788
1.81917e+06,436.5025,0.0177213,544983.8,2007.299
1.81917e+06,440.5022,0.0179521,549561.9,2017.74
1.81917e+06,444.5018,0.018181,554151.4,2028.111
1.81917e+06,448.5015,0.0184081,558753.2,2038.418
1.81917e+06,452.5012,0.0186335,563367.9,2048.661
1.81917e+06,456.5008,0.0188573,567996.1,2058.844
2.03389e+06,341.3828,0.00910042,428415.6,1697.071
2.03389e+06,345.3825,0.00953721,434398.6,1714.496
2.03389e+06,349.3821,0.00993206,440012.9,1730.659
2.03389e+06,353.3818,0.010297,445376.6,1745.924
2.03389e+06,357.3815,0.0106392,450560.5,1760.512
2.03389e+06,361.3811,0.0109634,455610.6,1774.564
2.03389e+06,365.3808,0.0112731,460558.4,1788.181
2.03389e+06,369.3805,0.0115705,465426.5,1801.432
2.03389e+06,373.3801,0.0118576,470231.7,1814.371
2.03389e+06,377.3798,0.0121357,474987,1827.039
2.03389e+06,381.3795,0.0124059,479702.5,1839.468
2.03389e+06,385.3791,0.0126693,484386.2,1851.686
2.03389e+06,389.3788,0.0129265,489044.7,1863.712
2.03389e+06,393.3785,0.0131782,493683.6,1875.564
2.03389e+06,397.3781,0.0134249,498307.3,1887.259
2.03389e+06,401.3778,0.013667,502919.8,1898.808
2.03389e+06,405.3775,0.0139051,507524.3,1910.223
2.03389e+06,409.3771,0.0141393,512123.6,1921.513
2.03389e+06,413.3768,0.0143701,516720.4,1932.688
2.03389e+06,417.3765,0.0145976,521316.8,1943.753
2.03389e+06,421.3761,0.0148222,525914.6,1954.717
2.03389e+06,425.3758,0.015044,530515.5,1965.584
2.03389e+06,429.3755,0.0152632,535121.2,1976.361
2.03389e+06,433.3751,0.0154801,539732.8,1987.051
2.03389e+06,437.3748,0.0156947,544351.7,1997.66
2.03389e+06,441.3745,0.0159072,548978.9,2008.192
2.03389e+06,445.3741,0.0161177,553615.5,2018.649
2.03389e+06,449.3738,0.0163264,558262.1,2029.036
2.03389e+06,453.3735,0.0165333,562919.8,2039.355
2.03389e+06,457.3731,0.0167386,567589.2,2049.609
2.03389e+06,461.3728,0.0169423,572271.1,2059.801
2.27395e+06,346.3856,0.00788941,428971.7,1692.773
2.27395e+06,350.3853,0.00832575,435445.5,1711.357
2.27395e+06,354.3850,0.008712,441416.7,1728.304
2.27395e+06,358.3846,0.0090642,447061.1,1744.143
2.27395e+06,362.3843,0.0093914,452477.2,1759.172
2.27395e+06,366.3840,0.00969928,457725.9,1773.577
2.27395e+06,370.3836,0.00999169,462847.8,1787.481
2.27395e+06,374.3833,0.0102713,467871.6,1800.972
2.27395e+06,378.3830,0.0105402,472817.9,1814.114
2.27395e+06,382.3826,0.0107999,477702.6,1826.956
2.27395e+06,386.3823,0.0110517,482537.9,1839.535
2.27395e+06,390.3820,0.0112964,487333.4,1851.883
2.27395e+06,394.3816,0.0115349,492096.8,1864.023
2.27395e+06,398.3813,0.0117679,496834.7,1875.976
2.27395e+06,402.3810,0.0119959,501552.4,1887.759
2.27395e+06,406.3806,0.0122194,506254.3,1899.387
2.27395e+06,410.3803,0.0124387,510944.3,1910.871
2.27395e+06,414.3800,0.0126544,515625.7,1922.223
2.27395e+06,418.3796,0.0128665,520301.3,1933.453
2.27395e+06,422.3793,0.0130755,524973.6,1944.567
2.27395e+06,426.3790,0.0132816,529644.7,1955.574
2.27395e+06,430.3786,0.013485,534316.7,1966.481
2.27395e+06,434.3783,0.0136858,538991.2,1977.292
2.27395e+06,438.3780,0.0138843,543669.7,1988.013
2.27395e+06,442.3776,0.0140806,548353.7,1998.649
2.27395e+06,446.3773,0.0142748,553044.2,2009.205
2.27395e+06,450.3770,0.0144671,557742.5,2019.683
2.27395e+06,454.3766,0.0146576,562449.6,2030.088
2.27395e+06,458.3763,0.0148464,567166.2,2040.423
2.27395e+06,462.3760,0.0150335,571893.3,2050.691
2.27395e+06,466.3756,0.0152192,576631.7,2060.895
2.54235e+06,351.5183,0.00678036,428981.7,1687.176
2.54235e+06,355.5179,0.00722637,436133.8,1707.41
2.54235e+06,359.5176,0.00760942,442562.1,1725.392
2.54235e+06,363.5173,0.00795257,448550.4,1741.957
2.54235e+06,367.5169,0.00826762,454242.3,1757.53
2.54235e+06,371.5166,0.00856158,459722.1,1772.36
2.54235e+06,375.5163,0.00883896,465043.5,1786.608
2.54235e+06,379.5159,0.00910289,470243.3,1800.382
2.54235e+06,383.5156,0.00935563,475347.7,1813.761
2.54235e+06,387.5153,0.0095989,480376.1,1826.805
2.54235e+06,391.5149,0.009834,485343.5,1839.558
2.54235e+06,395.5146,0.010062,490261.6,1852.056
2.54235e+06,399.5143,0.0102837,495139.6,1864.327
2.54235e+06,403.5139,0.0104998,499985.1,1876.396
2.54235e+06,407.5136,0.0107109,504804.5,1888.28
2.54235e+06,411.5133,0.0109176,509603,1899.998
2.54235e+06,415.5129,0.0111201,514385,1911.563
2.54235e+06,419.5126,0.0113189,519154.3,1922.986
2.54235e+06,423.5123,0.0115143,523914.3,1934.279
2.54235e+06,427.5119,0.0117066,528667.8,1945.45
2.54235e+06,431.5116,0.0118959,533417.2,1956.508
2.54235e+06,435.5113,0.0120826,538164.8,1967.459
2.54235e+06,439.5109,0.0122669,542912.5,1978.311
2.54235e+06,443.5106,0.0124488,547662.1,1989.069
2.54235e+06,447.5103,0.0126285,552415,1999.737
2.54235e+06,451.5099,0.0128063,557172.7,2010.321
2.54235e+06,455.5096,0.0129822,561936.3,2020.825
2.54235e+06,459.5093,0.0131563,566707.1,2031.253
2.54235e+06,463.5089,0.0133287,571486.1,2041.608
2.54235e+06,467.5086,0.0134995,576274,2051.894
2.54235e+06,471.5083,0.0136689,581071.9,2062.113
2.84242e+06,356.7770,0.00575512,428177.9,1679.612
2.84242e+06,360.7767,0.00622628,436335.5,1702.353
2.84242e+06,364.7764,0.00661265,443370.4,1721.747
2.84242e+06,368.7760,0.00695055,449788.4,1739.247
2.84242e+06,372.7757,0.00725621,455812.7,1755.496
2.84242e+06,376.7754,0.00753847,461563.9,1770.842
2.84242e+06,380.7750,0.00780281,467115.4,1785.499
2.84242e+06,384.7747,0.00805288,472515.3,1799.607
2.84242e+06,388.7744,0.00829122,477797.4,1813.264
2.84242e+06,392.7740,0.00851974,482986.1,1826.542
2.84242e+06,396.7737,0.00873988,488099.7,1839.496
2.84242e+06,400.7734,0.00895276,493152.5,1852.167
2.84242e+06,404.7730,0.00915928,498155.8,1864.589
2.84242e+06,408.7727,0.00936018,503118.5,1876.789
2.84242e+06,412.7724,0.00955607,508048.3,1888.791
2.84242e+06,416.7720,0.00974745,512951.1,1900.611
2.84242e+06,420.7717,0.00993476,517832.3,1912.268
2.84242e+06,424.7714,0.0101184,522696.2,1923.773
2.84242e+06,428.7710,0.0102986,527546.7,1935.138
2.84242e+06,432.7707,0.0104757,532387,1946.375
2.84242e+06,436.7704,0.01065,537220.1,1957.491
2.84242e+06,440.7700,0.0108217,542048.3,1968.495
2.84242e+06,444.7697,0.0109909,546873.9,1979.394
2.84242e+06,448.7694,0.0111579,551698.8,1990.194
2.84242e+06,452.7690,0.0113227,556524.9,2000.9
2.84242e+06,456.7687,0.0114856,561353.7,2011.518
2.84242e+06,460.7684,0.0116466,566186.6,2022.053
2.84242e+06,464.7680,0.0118059,571024.8,2032.508
2.84242e+06,468.7677,0.0119636,575869.5,2042.887
2.84242e+06,472.7674,0.0121197,580721.7,2053.194
2.84242e+06,476.7670,0.0122745,585582.3,2063.432
3.17792e+06,362.1537,0.00478988,426056.8,1668.807
3.17792e+06,366.1534,0.00531373,435869.6,1695.761
3.17792e+06,370.1530,0.00571158,443740.7,1717.145
3.17792e+06,374.1527,0.0060482,450706.7,1735.864
3.17792e+06,378.1524,0.006347,457136.1,1752.958
3.17792e+06,382.1520,0.00661955,463208.5,1768.933
3.17792e+06,386.1517,0.00687256,469026.6,1784.079
3.17792e+06,390.1514,0.00711033,474655,1798.58
3.17792e+06,394.1510,0.00733577,480137.5,1812.561
3.17792e+06,398.1507,0.00755102,485505.2,1826.11
3.17792e+06,402.1504,0.00775763,490780.9,1839.295
3.17792e+06,406.1500,0.00795684,495982.1,1852.165
3.17792e+06,410.1497,0.00814961,501122.6,1864.76
3.17792e+06,414.1494,0.0083367,506213.1,1877.111
3.17792e+06,418.1490,0.00851877,511262.7,1889.245
3.17792e+06,422.1487,0.00869633,516278.4,1901.183
3.17792e+06,426.1484,0.00886983,521266.6,1912.944
3.17792e+06,430.1480,0.00903967,526232.2,1924.542
3.17792e+06,434.1477,0.00920616,531179.8,1935.991
3.17792e+06,438.1474,0.00936959,536113.1,1947.302
3.17792e+06,442.1470,0.00953021,541035.3,1958.485
3.17792e+06,446.1467,0.00968824,545949.5,1969.55
3.17792e+06,450.1464,0.00984388,550858,1980.503
3.17792e+06,454.1460,0.00999729,555763.2,1991.351
3.17792e+06,458.1457,0.0101486,560666.9,2002.102
3.17792e+06,462.1454,0.0102981,565571.1,2012.76
3.17792e+06,466.1450,0.0104457,570477.2,2023.33
3.17792e+06,470.1447,0.0105916,575386.6,2033.817
3.17792e+06,474.1444,0.010736,580300.8,2044.225
3.17792e+06,478.1440,0.0108788,585220.8,2054.558
3.17792e+06,482.1437,0.0110203,590147.6,2064.819
3.55301e+06,367.6307,0.00383978,421404.6,1651.64
3.55301e+06,371.6304,0.00447843,434476.5,1687.024
3.55301e+06,375.6300,0.00489798,443546.1,1711.303
3.55301e+06,379.6297,0.00523712,451220.6,1731.628
3.55301e+06,383.6294,0.00553121,458146.8,1749.779
3.55301e+06,387.6290,0.00579562,464600.7,1766.516
3.55301e+06,391.6287,0.00603866,470728.4,1782.243
3.55301e+06,395.6284,0.00626538,476617.9,1797.206
3.55301e+06,399.6280,0.00647915,482326.6,1811.563
3.55301e+06,403.6277,0.00668232,487894.3,1825.426
3.55301e+06,407.6274,0.00687662,493349.7,1838.876
3.55301e+06,411.6270,0.00706337,498714.5,1851.973
3.55301e+06,415.6267,0.00724359,504005.3,1864.765
3.55301e+06,419.6264,0.0074181,509235.2,1877.288
3.55301e+06,423.6260,0.00758757,514414.8,1889.573
3.55301e+06,427.6257,0.00775255,519552.7,1901.644
3.55301e+06,431.6254,0.00791349,524656.2,1913.523
3.55301e+06,435.6250,0.00807079,529731.2,1925.227
3.55301e+06,439.6247,0.00822478,534783,1936.771
3.55301e+06,443.6244,0.00837576,539815.7,1948.167
3.55301e+06,447.6240,0.00852397,544833.4,1959.427
3.55301e+06,451.6237,0.00866963,549839.1,1970.56
3.55301e+06,455.6234,0.00881295,554835.9,1981.576
3.55301e+06,459.6230,0.00895409,559826.3,1992.481
3.55301e+06,463.6227,0.0090932,564812.4,2003.282
3.55301e+06,467.6224,0.00923044,569796.4,2013.986
3.55301e+06,471.6220,0.00936592,574780,2024.598
3.55301e+06,475.6217,0.00949975,579764.9,2035.123
3.55301e+06,479.6214,0.00963204,584752.3,2045.565
3.55301e+06,483.6210,0.00976288,589743.8,2055.929
3.55301e+06,487.6207,0.00989236,594740.4,2066.219
3.97238e+06,373.1600,0.00269112,407930.8,1611.588
3.97238e+06,377.1597,0.00371251,431776.4,1675.243
3.97238e+06,381.1593,0.004165,442605.8,1703.813
3.97238e+06,385.1590,0.00450958,451199.6,1726.245
3.97238e+06,389.1587,0.00480036,458735.3,1745.711
3.97238e+06,393.1583,0.00505767,465641.8,1763.369
3.97238e+06,397.1580,0.00529166,472129.1,1779.787
3.97238e+06,401.1577,0.00550827,478317,1795.29
3.97238e+06,405.1573,0.0057113,484281.2,1810.084
3.97238e+06,409.1570,0.00590337,490072.7,1824.309
3.97238e+06,413.1567,0.00608636,495727.7,1838.063
3.97238e+06,417.1563,0.00626166,501272.9,1851.42
3.97238e+06,421.1560,0.00643038,506728.5,1864.436
3.97238e+06,425.1557,0.00659337,512110.5,1877.155
3.97238e+06,429.1553,0.00675131,517431.6,1889.612
3.97238e+06,433.1550,0.00690478,522701.9,1901.836
3.97238e+06,437.1547,0.00705425,527929.9,1913.85
3.97238e+06,441.1543,0.00720011,533122.7,1925.675
3.97238e+06,445.1540,0.00734271,538286.2,1937.327
3.97238e+06,449.1537,0.00748235,543425.6,1948.82
3.97238e+06,453.1533,0.00761926,548545.1,1960.168
3.97238e+06,457.1530,0.00775368,553648.6,1971.381
3.97238e+06,461.1527,0.0078858,558739.3,1982.468
3.97238e+06,465.1523,0.00801579,563820.2,1993.438
3.97238e+06,469.1520,0.00814381,568893.8,2004.299
3.97238e+06,473.1517,0.00826999,573962.4,2015.057
3.97238e+06,477.1513,0.00839446,579028,2025.718
3.97238e+06,481.1510,0.00851732,584092.4,2036.288
3.97238e+06,485.1507,0.00863869,589157.2,2046.771
3.97238e+06,489.1503,0.00875865,594224,2057.172
3.97238e+06,493.1500,0.00887728,599294,2067.494
