# R134a saturation properties from CoolProp (IIR reference state). Columns: T (K), p (Pa), v_f, v_g (m3/kg),
# h_f, h_g (J/kg), s_f, s_g (J/(kg K)).
T_K,p_Pa,v_f,v_g,h_f,h_g,s_f,s_g
233.15,51209,0.000705366,0.361076,148144.1,374003,795.6105,1764.338
235.15,56817.2,0.000708264,0.327553,150658.9,375270.3,806.3338,1761.518
237.15,62908.4,0.0007112,0.297708,153181,376535.9,816.9955,1758.825
239.15,69511.9,0.000714176,0.27108,155710.4,377799.4,827.597,1756.257
241.15,76657.9,0.000717193,0.247273,158247.4,379060.4,838.1398,1753.807
243.15,84377.7,0.000720253,0.225945,160792,380318.6,848.6254,1751.47
245.15,92703.3,0.000723355,0.206799,163344.4,381573.5,859.0553,1749.241
247.15,101668,0.000726503,0.18958,165904.9,382825,869.4309,1747.117
249.15,111304,0.000729698,0.174065,168473.5,384072.5,879.7536,1745.092
251.15,121648,0.000732941,0.16006,171050.4,385315.7,890.0248,1743.162
253.15,132735,0.000736233,0.147395,173635.8,386554.3,900.2459,1741.322
255.15,144600,0.000739577,0.135923,176229.8,387787.9,910.4183,1739.57
257.15,157282,0.000742975,0.125513,178832.7,389016.1,920.5433,1737.9
259.15,170817,0.000746428,0.116053,181444.7,390238.6,930.6223,1736.31
261.15,185244,0.000749938,0.107441,184065.9,391455,940.6566,1734.794
263.15,200603,0.000753508,0.0995902,186696.6,392664.9,950.6477,1733.351
265.15,216934,0.000757139,0.0924219,189337,393868,960.5967,1731.975
267.15,234278,0.000760835,0.0858674,191987.3,395063.8,970.5051,1730.664
269.15,252676,0.000764598,0.0798655,194647.7,396251.9,980.3742,1729.414
271.15,272170,0.00076843,0.074362,197318.5,397431.9,990.2054,1728.223
273.15,292803,0.000772334,0.0693087,200000,398603.5,1000,1727.086
275.15,314619,0.000776313,0.0646626,202692.4,399766.1,1009.759,1726
277.15,337663,0.000780371,0.0603853,205396,400919.3,1019.485,1724.963
279.15,361978,0.00078451,0.0564427,208111.2,402062.7,1029.178,1723.971
281.15,387611,0.000788734,0.0528041,210838.1,403195.8,1038.84,1723.022
283.15,414607,0.000793048,0.0494419,213577.2,404318.1,1048.472,1722.111
285.15,443015,0.000797455,0.0463315,216328.9,405429.1,1058.076,1721.237
287.15,472880,0.000801959,0.0434509,219093.3,406528.2,1067.654,1720.396
289.15,504251,0.000806565,0.0407799,221871,407614.8,1077.206,1719.585
291.15,537177,0.000811279,0.0383006,224662.3,408688.4,1086.735,1718.801
293.15,571707,0.000816104,0.0359968,227467.7,409748.3,1096.241,1718.041
295.15,607891,0.000821048,0.0338537,230287.7,410793.9,1105.727,1717.302
297.15,645781,0.000826116,0.0318582,233122.6,411824.5,1115.194,1716.58
299.15,685427,0.000831314,0.0299981,235973,412839.4,1124.644,1715.874
301.15,726881,0.000836651,0.0282626,238839.4,413837.6,1134.079,1715.179
303.15,770196,0.000842132,0.0266416,241722.4,414818.5,1143.5,1714.492
305.15,815427,0.000847768,0.0251262,244622.6,415781.1,1152.91,1713.81
307.15,862626,0.000853566,0.0237081,247540.7,416724.5,1162.311,1713.129
309.15,911849,0.000859536,0.0223799,250477.3,417647.6,1171.704,1712.445
311.15,963153,0.00086569,0.0211346,253433.3,418549.3,1181.092,1711.756
313.15,1.01659e+06,0.000872038,0.019966,256409.3,419428.5,1190.477,1711.056
315.15,1.07223e+06,0.000878593,0.0188685,259406.2,420283.9,1199.862,1710.341
317.15,1.13012e+06,0.00088537,0.0178367,262425,421114,1209.249,1709.608
319.15,1.19032e+06,0.000892383,0.0168658,265466.7,421917.3,1218.641,1708.851
321.15,1.25289e+06,0.00089965,0.0159514,268532.4,422692.3,1228.042,1708.066
323.15,1.31791e+06,0.000907189,0.0150894,271623.2,423437,1237.454,1707.247
325.15,1.38542e+06,0.000915021,0.0142761,274740.4,424149.5,1246.881,1706.389
327.15,1.45549e+06,0.00092317,0.013508,277885.5,424827.6,1256.326,1705.484
329.15,1.5282e+06,0.000931661,0.012782,281060.1,425468.9,1265.795,1704.527
331.15,1.60361e+06,0.000940524,0.012095,284265.9,426070.5,1275.291,1703.51
333.15,1.68178e+06,0.000949792,0.0114443,287504.7,426629.6,1284.82,1702.424
335.15,1.7628e+06,0.000959503,0.0108275,290778.8,427142.8,1294.387,1701.261
337.15,1.84674e+06,0.000969702,0.010242,294090.7,427606.1,1303.998,1700.01
339.15,1.93366e+06,0.000980437,0.00968575,297443,428015.1,1313.661,1698.659
341.15,2.02367e+06,0.000991769,0.00915661,300839.1,428365,1323.384,1697.196
343.15,2.11683e+06,0.00100377,0.00865265,304282.4,428649.8,1333.176,1695.605
345.15,2.21323e+06,0.00101651,0.00817201,307777.4,428862.9,1343.049,1693.868
347.15,2.31297e+06,0.0010301,0.00771294,311328.9,428996.2,1353.014,1691.966
349.15,2.41614e+06,0.00104466,0.00727373,314943.1,429040.5,1363.088,1689.874
351.15,2.52285e+06,0.00106033,0.00685274,318627.3,428984.2,1373.288,1687.561
353.15,2.6332e+06,0.0010773,0.00644835,322390.3,428813.6,1383.639,1684.994
355.15,2.74732e+06,0.00109582,0.0060589,326243.3,428511.1,1394.169,1682.125
357.15,2.86533e+06,0.00111618,0.00568268,330200.8,428054.7,1404.914,1678.9
359.15,2.98737e+06,0.00113883,0.00531784,334281.7,427415.5,1415.924,1675.241
361.15,3.11359e+06,0.00116433,0.00496226,338511.9,426554.3,1427.266,1671.049
363.15,3.24418e+06,0.00119357,0.00461338,342928.2,425415.6,1439.035,1666.18
365.15,3.37935e+06,0.00122785,0.00426777,347586.3,423916.5,1451.378,1660.416
367.15,3.51933e+06,0.00126943,0.00392031,352577.8,421922.1,1464.532,1653.404
369.15,3.66447e+06,0.0013226,0.00356208,358073.5,419184.1,1478.949,1644.493
371.15,3.8152e+06,0.00139761,0.00317327,364470.3,415137.7,1495.676,1632.191
373.15,3.97238e+06,0.00153568,0.00268089,373297.9,407683.2,1518.776,1610.925
